,game,model,experiment,episode,metric,value
0,multimodal_referencegame,claude-3-opus-20240229-t0.0--claude-3-opus-20240229-t0.0,1_grids,episode_5,Generated Expression Length,78.0
1,multimodal_referencegame,claude-3-opus-20240229-t0.0--claude-3-opus-20240229-t0.0,1_grids,episode_5,Generated Expression Number of Tokens,14.0
2,multimodal_referencegame,claude-3-opus-20240229-t0.0--claude-3-opus-20240229-t0.0,1_grids,episode_5,Request Count,2.0
3,multimodal_referencegame,claude-3-opus-20240229-t0.0--claude-3-opus-20240229-t0.0,1_grids,episode_5,Parsed Request Count,2.0
4,multimodal_referencegame,claude-3-opus-20240229-t0.0--claude-3-opus-20240229-t0.0,1_grids,episode_5,Violated Request Count,0.0
5,multimodal_referencegame,claude-3-opus-20240229-t0.0--claude-3-opus-20240229-t0.0,1_grids,episode_5,Success,0.0
6,multimodal_referencegame,claude-3-opus-20240229-t0.0--claude-3-opus-20240229-t0.0,1_grids,episode_5,Lose,1.0
7,multimodal_referencegame,claude-3-opus-20240229-t0.0--claude-3-opus-20240229-t0.0,1_grids,episode_5,Aborted,0.0
8,multimodal_referencegame,claude-3-opus-20240229-t0.0--claude-3-opus-20240229-t0.0,1_grids,episode_5,Main Score,0.0
9,multimodal_referencegame,claude-3-opus-20240229-t0.0--claude-3-opus-20240229-t0.0,1_grids,episode_5,Request Success Ratio,1.0
10,multimodal_referencegame,claude-3-opus-20240229-t0.0--claude-3-opus-20240229-t0.0,1_grids,episode_2,Generated Expression Length,68.0
11,multimodal_referencegame,claude-3-opus-20240229-t0.0--claude-3-opus-20240229-t0.0,1_grids,episode_2,Generated Expression Number of Tokens,16.0
12,multimodal_referencegame,claude-3-opus-20240229-t0.0--claude-3-opus-20240229-t0.0,1_grids,episode_2,Request Count,2.0
13,multimodal_referencegame,claude-3-opus-20240229-t0.0--claude-3-opus-20240229-t0.0,1_grids,episode_2,Parsed Request Count,2.0
14,multimodal_referencegame,claude-3-opus-20240229-t0.0--claude-3-opus-20240229-t0.0,1_grids,episode_2,Violated Request Count,0.0
15,multimodal_referencegame,claude-3-opus-20240229-t0.0--claude-3-opus-20240229-t0.0,1_grids,episode_2,Success,1.0
16,multimodal_referencegame,claude-3-opus-20240229-t0.0--claude-3-opus-20240229-t0.0,1_grids,episode_2,Lose,0.0
17,multimodal_referencegame,claude-3-opus-20240229-t0.0--claude-3-opus-20240229-t0.0,1_grids,episode_2,Aborted,0.0
18,multimodal_referencegame,claude-3-opus-20240229-t0.0--claude-3-opus-20240229-t0.0,1_grids,episode_2,Main Score,100.0
19,multimodal_referencegame,claude-3-opus-20240229-t0.0--claude-3-opus-20240229-t0.0,1_grids,episode_2,Request Success Ratio,1.0
20,multimodal_referencegame,claude-3-opus-20240229-t0.0--claude-3-opus-20240229-t0.0,1_grids,episode_3,Generated Expression Length,78.0
21,multimodal_referencegame,claude-3-opus-20240229-t0.0--claude-3-opus-20240229-t0.0,1_grids,episode_3,Generated Expression Number of Tokens,14.0
22,multimodal_referencegame,claude-3-opus-20240229-t0.0--claude-3-opus-20240229-t0.0,1_grids,episode_3,Request Count,2.0
23,multimodal_referencegame,claude-3-opus-20240229-t0.0--claude-3-opus-20240229-t0.0,1_grids,episode_3,Parsed Request Count,2.0
24,multimodal_referencegame,claude-3-opus-20240229-t0.0--claude-3-opus-20240229-t0.0,1_grids,episode_3,Violated Request Count,0.0
25,multimodal_referencegame,claude-3-opus-20240229-t0.0--claude-3-opus-20240229-t0.0,1_grids,episode_3,Success,0.0
26,multimodal_referencegame,claude-3-opus-20240229-t0.0--claude-3-opus-20240229-t0.0,1_grids,episode_3,Lose,1.0
27,multimodal_referencegame,claude-3-opus-20240229-t0.0--claude-3-opus-20240229-t0.0,1_grids,episode_3,Aborted,0.0
28,multimodal_referencegame,claude-3-opus-20240229-t0.0--claude-3-opus-20240229-t0.0,1_grids,episode_3,Main Score,0.0
29,multimodal_referencegame,claude-3-opus-20240229-t0.0--claude-3-opus-20240229-t0.0,1_grids,episode_3,Request Success Ratio,1.0
30,multimodal_referencegame,claude-3-opus-20240229-t0.0--claude-3-opus-20240229-t0.0,1_grids,episode_4,Generated Expression Length,78.0
31,multimodal_referencegame,claude-3-opus-20240229-t0.0--claude-3-opus-20240229-t0.0,1_grids,episode_4,Generated Expression Number of Tokens,14.0
32,multimodal_referencegame,claude-3-opus-20240229-t0.0--claude-3-opus-20240229-t0.0,1_grids,episode_4,Request Count,2.0
33,multimodal_referencegame,claude-3-opus-20240229-t0.0--claude-3-opus-20240229-t0.0,1_grids,episode_4,Parsed Request Count,2.0
34,multimodal_referencegame,claude-3-opus-20240229-t0.0--claude-3-opus-20240229-t0.0,1_grids,episode_4,Violated Request Count,0.0
35,multimodal_referencegame,claude-3-opus-20240229-t0.0--claude-3-opus-20240229-t0.0,1_grids,episode_4,Success,0.0
36,multimodal_referencegame,claude-3-opus-20240229-t0.0--claude-3-opus-20240229-t0.0,1_grids,episode_4,Lose,1.0
37,multimodal_referencegame,claude-3-opus-20240229-t0.0--claude-3-opus-20240229-t0.0,1_grids,episode_4,Aborted,0.0
38,multimodal_referencegame,claude-3-opus-20240229-t0.0--claude-3-opus-20240229-t0.0,1_grids,episode_4,Main Score,0.0
39,multimodal_referencegame,claude-3-opus-20240229-t0.0--claude-3-opus-20240229-t0.0,1_grids,episode_4,Request Success Ratio,1.0
40,multimodal_referencegame,claude-3-opus-20240229-t0.0--claude-3-opus-20240229-t0.0,1_grids,episode_25,Generated Expression Length,60.0
41,multimodal_referencegame,claude-3-opus-20240229-t0.0--claude-3-opus-20240229-t0.0,1_grids,episode_25,Generated Expression Number of Tokens,13.0
42,multimodal_referencegame,claude-3-opus-20240229-t0.0--claude-3-opus-20240229-t0.0,1_grids,episode_25,Request Count,2.0
43,multimodal_referencegame,claude-3-opus-20240229-t0.0--claude-3-opus-20240229-t0.0,1_grids,episode_25,Parsed Request Count,2.0
44,multimodal_referencegame,claude-3-opus-20240229-t0.0--claude-3-opus-20240229-t0.0,1_grids,episode_25,Violated Request Count,0.0
45,multimodal_referencegame,claude-3-opus-20240229-t0.0--claude-3-opus-20240229-t0.0,1_grids,episode_25,Success,0.0
46,multimodal_referencegame,claude-3-opus-20240229-t0.0--claude-3-opus-20240229-t0.0,1_grids,episode_25,Lose,1.0
47,multimodal_referencegame,claude-3-opus-20240229-t0.0--claude-3-opus-20240229-t0.0,1_grids,episode_25,Aborted,0.0
48,multimodal_referencegame,claude-3-opus-20240229-t0.0--claude-3-opus-20240229-t0.0,1_grids,episode_25,Main Score,0.0
49,multimodal_referencegame,claude-3-opus-20240229-t0.0--claude-3-opus-20240229-t0.0,1_grids,episode_25,Request Success Ratio,1.0
50,multimodal_referencegame,claude-3-opus-20240229-t0.0--claude-3-opus-20240229-t0.0,1_grids,episode_22,Generated Expression Length,52.0
51,multimodal_referencegame,claude-3-opus-20240229-t0.0--claude-3-opus-20240229-t0.0,1_grids,episode_22,Generated Expression Number of Tokens,11.0
52,multimodal_referencegame,claude-3-opus-20240229-t0.0--claude-3-opus-20240229-t0.0,1_grids,episode_22,Request Count,2.0
53,multimodal_referencegame,claude-3-opus-20240229-t0.0--claude-3-opus-20240229-t0.0,1_grids,episode_22,Parsed Request Count,2.0
54,multimodal_referencegame,claude-3-opus-20240229-t0.0--claude-3-opus-20240229-t0.0,1_grids,episode_22,Violated Request Count,0.0
55,multimodal_referencegame,claude-3-opus-20240229-t0.0--claude-3-opus-20240229-t0.0,1_grids,episode_22,Success,0.0
56,multimodal_referencegame,claude-3-opus-20240229-t0.0--claude-3-opus-20240229-t0.0,1_grids,episode_22,Lose,1.0
57,multimodal_referencegame,claude-3-opus-20240229-t0.0--claude-3-opus-20240229-t0.0,1_grids,episode_22,Aborted,0.0
58,multimodal_referencegame,claude-3-opus-20240229-t0.0--claude-3-opus-20240229-t0.0,1_grids,episode_22,Main Score,0.0
59,multimodal_referencegame,claude-3-opus-20240229-t0.0--claude-3-opus-20240229-t0.0,1_grids,episode_22,Request Success Ratio,1.0
60,multimodal_referencegame,claude-3-opus-20240229-t0.0--claude-3-opus-20240229-t0.0,1_grids,episode_14,Generated Expression Length,39.0
61,multimodal_referencegame,claude-3-opus-20240229-t0.0--claude-3-opus-20240229-t0.0,1_grids,episode_14,Generated Expression Number of Tokens,9.0
62,multimodal_referencegame,claude-3-opus-20240229-t0.0--claude-3-opus-20240229-t0.0,1_grids,episode_14,Request Count,2.0
63,multimodal_referencegame,claude-3-opus-20240229-t0.0--claude-3-opus-20240229-t0.0,1_grids,episode_14,Parsed Request Count,2.0
64,multimodal_referencegame,claude-3-opus-20240229-t0.0--claude-3-opus-20240229-t0.0,1_grids,episode_14,Violated Request Count,0.0
65,multimodal_referencegame,claude-3-opus-20240229-t0.0--claude-3-opus-20240229-t0.0,1_grids,episode_14,Success,1.0
66,multimodal_referencegame,claude-3-opus-20240229-t0.0--claude-3-opus-20240229-t0.0,1_grids,episode_14,Lose,0.0
67,multimodal_referencegame,claude-3-opus-20240229-t0.0--claude-3-opus-20240229-t0.0,1_grids,episode_14,Aborted,0.0
68,multimodal_referencegame,claude-3-opus-20240229-t0.0--claude-3-opus-20240229-t0.0,1_grids,episode_14,Main Score,100.0
69,multimodal_referencegame,claude-3-opus-20240229-t0.0--claude-3-opus-20240229-t0.0,1_grids,episode_14,Request Success Ratio,1.0
70,multimodal_referencegame,claude-3-opus-20240229-t0.0--claude-3-opus-20240229-t0.0,1_grids,episode_13,Generated Expression Length,39.0
71,multimodal_referencegame,claude-3-opus-20240229-t0.0--claude-3-opus-20240229-t0.0,1_grids,episode_13,Generated Expression Number of Tokens,9.0
72,multimodal_referencegame,claude-3-opus-20240229-t0.0--claude-3-opus-20240229-t0.0,1_grids,episode_13,Request Count,2.0
73,multimodal_referencegame,claude-3-opus-20240229-t0.0--claude-3-opus-20240229-t0.0,1_grids,episode_13,Parsed Request Count,2.0
74,multimodal_referencegame,claude-3-opus-20240229-t0.0--claude-3-opus-20240229-t0.0,1_grids,episode_13,Violated Request Count,0.0
75,multimodal_referencegame,claude-3-opus-20240229-t0.0--claude-3-opus-20240229-t0.0,1_grids,episode_13,Success,1.0
76,multimodal_referencegame,claude-3-opus-20240229-t0.0--claude-3-opus-20240229-t0.0,1_grids,episode_13,Lose,0.0
77,multimodal_referencegame,claude-3-opus-20240229-t0.0--claude-3-opus-20240229-t0.0,1_grids,episode_13,Aborted,0.0
78,multimodal_referencegame,claude-3-opus-20240229-t0.0--claude-3-opus-20240229-t0.0,1_grids,episode_13,Main Score,100.0
79,multimodal_referencegame,claude-3-opus-20240229-t0.0--claude-3-opus-20240229-t0.0,1_grids,episode_13,Request Success Ratio,1.0
80,multimodal_referencegame,claude-3-opus-20240229-t0.0--claude-3-opus-20240229-t0.0,1_grids,episode_12,Generated Expression Length,39.0
81,multimodal_referencegame,claude-3-opus-20240229-t0.0--claude-3-opus-20240229-t0.0,1_grids,episode_12,Generated Expression Number of Tokens,9.0
82,multimodal_referencegame,claude-3-opus-20240229-t0.0--claude-3-opus-20240229-t0.0,1_grids,episode_12,Request Count,2.0
83,multimodal_referencegame,claude-3-opus-20240229-t0.0--claude-3-opus-20240229-t0.0,1_grids,episode_12,Parsed Request Count,2.0
84,multimodal_referencegame,claude-3-opus-20240229-t0.0--claude-3-opus-20240229-t0.0,1_grids,episode_12,Violated Request Count,0.0
85,multimodal_referencegame,claude-3-opus-20240229-t0.0--claude-3-opus-20240229-t0.0,1_grids,episode_12,Success,0.0
86,multimodal_referencegame,claude-3-opus-20240229-t0.0--claude-3-opus-20240229-t0.0,1_grids,episode_12,Lose,1.0
87,multimodal_referencegame,claude-3-opus-20240229-t0.0--claude-3-opus-20240229-t0.0,1_grids,episode_12,Aborted,0.0
88,multimodal_referencegame,claude-3-opus-20240229-t0.0--claude-3-opus-20240229-t0.0,1_grids,episode_12,Main Score,0.0
89,multimodal_referencegame,claude-3-opus-20240229-t0.0--claude-3-opus-20240229-t0.0,1_grids,episode_12,Request Success Ratio,1.0
90,multimodal_referencegame,claude-3-opus-20240229-t0.0--claude-3-opus-20240229-t0.0,1_grids,episode_15,Generated Expression Length,41.0
91,multimodal_referencegame,claude-3-opus-20240229-t0.0--claude-3-opus-20240229-t0.0,1_grids,episode_15,Generated Expression Number of Tokens,9.0
92,multimodal_referencegame,claude-3-opus-20240229-t0.0--claude-3-opus-20240229-t0.0,1_grids,episode_15,Request Count,2.0
93,multimodal_referencegame,claude-3-opus-20240229-t0.0--claude-3-opus-20240229-t0.0,1_grids,episode_15,Parsed Request Count,2.0
94,multimodal_referencegame,claude-3-opus-20240229-t0.0--claude-3-opus-20240229-t0.0,1_grids,episode_15,Violated Request Count,0.0
95,multimodal_referencegame,claude-3-opus-20240229-t0.0--claude-3-opus-20240229-t0.0,1_grids,episode_15,Success,1.0
96,multimodal_referencegame,claude-3-opus-20240229-t0.0--claude-3-opus-20240229-t0.0,1_grids,episode_15,Lose,0.0
97,multimodal_referencegame,claude-3-opus-20240229-t0.0--claude-3-opus-20240229-t0.0,1_grids,episode_15,Aborted,0.0
98,multimodal_referencegame,claude-3-opus-20240229-t0.0--claude-3-opus-20240229-t0.0,1_grids,episode_15,Main Score,100.0
99,multimodal_referencegame,claude-3-opus-20240229-t0.0--claude-3-opus-20240229-t0.0,1_grids,episode_15,Request Success Ratio,1.0
100,multimodal_referencegame,claude-3-opus-20240229-t0.0--claude-3-opus-20240229-t0.0,1_grids,episode_23,Generated Expression Length,52.0
101,multimodal_referencegame,claude-3-opus-20240229-t0.0--claude-3-opus-20240229-t0.0,1_grids,episode_23,Generated Expression Number of Tokens,11.0
102,multimodal_referencegame,claude-3-opus-20240229-t0.0--claude-3-opus-20240229-t0.0,1_grids,episode_23,Request Count,2.0
103,multimodal_referencegame,claude-3-opus-20240229-t0.0--claude-3-opus-20240229-t0.0,1_grids,episode_23,Parsed Request Count,2.0
104,multimodal_referencegame,claude-3-opus-20240229-t0.0--claude-3-opus-20240229-t0.0,1_grids,episode_23,Violated Request Count,0.0
105,multimodal_referencegame,claude-3-opus-20240229-t0.0--claude-3-opus-20240229-t0.0,1_grids,episode_23,Success,0.0
106,multimodal_referencegame,claude-3-opus-20240229-t0.0--claude-3-opus-20240229-t0.0,1_grids,episode_23,Lose,1.0
107,multimodal_referencegame,claude-3-opus-20240229-t0.0--claude-3-opus-20240229-t0.0,1_grids,episode_23,Aborted,0.0
108,multimodal_referencegame,claude-3-opus-20240229-t0.0--claude-3-opus-20240229-t0.0,1_grids,episode_23,Main Score,0.0
109,multimodal_referencegame,claude-3-opus-20240229-t0.0--claude-3-opus-20240229-t0.0,1_grids,episode_23,Request Success Ratio,1.0
110,multimodal_referencegame,claude-3-opus-20240229-t0.0--claude-3-opus-20240229-t0.0,1_grids,episode_24,Generated Expression Length,60.0
111,multimodal_referencegame,claude-3-opus-20240229-t0.0--claude-3-opus-20240229-t0.0,1_grids,episode_24,Generated Expression Number of Tokens,13.0
112,multimodal_referencegame,claude-3-opus-20240229-t0.0--claude-3-opus-20240229-t0.0,1_grids,episode_24,Request Count,2.0
113,multimodal_referencegame,claude-3-opus-20240229-t0.0--claude-3-opus-20240229-t0.0,1_grids,episode_24,Parsed Request Count,2.0
114,multimodal_referencegame,claude-3-opus-20240229-t0.0--claude-3-opus-20240229-t0.0,1_grids,episode_24,Violated Request Count,0.0
115,multimodal_referencegame,claude-3-opus-20240229-t0.0--claude-3-opus-20240229-t0.0,1_grids,episode_24,Success,1.0
116,multimodal_referencegame,claude-3-opus-20240229-t0.0--claude-3-opus-20240229-t0.0,1_grids,episode_24,Lose,0.0
117,multimodal_referencegame,claude-3-opus-20240229-t0.0--claude-3-opus-20240229-t0.0,1_grids,episode_24,Aborted,0.0
118,multimodal_referencegame,claude-3-opus-20240229-t0.0--claude-3-opus-20240229-t0.0,1_grids,episode_24,Main Score,100.0
119,multimodal_referencegame,claude-3-opus-20240229-t0.0--claude-3-opus-20240229-t0.0,1_grids,episode_24,Request Success Ratio,1.0
120,multimodal_referencegame,claude-3-opus-20240229-t0.0--claude-3-opus-20240229-t0.0,1_grids,episode_1,Generated Expression Length,68.0
121,multimodal_referencegame,claude-3-opus-20240229-t0.0--claude-3-opus-20240229-t0.0,1_grids,episode_1,Generated Expression Number of Tokens,16.0
122,multimodal_referencegame,claude-3-opus-20240229-t0.0--claude-3-opus-20240229-t0.0,1_grids,episode_1,Request Count,2.0
123,multimodal_referencegame,claude-3-opus-20240229-t0.0--claude-3-opus-20240229-t0.0,1_grids,episode_1,Parsed Request Count,2.0
124,multimodal_referencegame,claude-3-opus-20240229-t0.0--claude-3-opus-20240229-t0.0,1_grids,episode_1,Violated Request Count,0.0
125,multimodal_referencegame,claude-3-opus-20240229-t0.0--claude-3-opus-20240229-t0.0,1_grids,episode_1,Success,0.0
126,multimodal_referencegame,claude-3-opus-20240229-t0.0--claude-3-opus-20240229-t0.0,1_grids,episode_1,Lose,1.0
127,multimodal_referencegame,claude-3-opus-20240229-t0.0--claude-3-opus-20240229-t0.0,1_grids,episode_1,Aborted,0.0
128,multimodal_referencegame,claude-3-opus-20240229-t0.0--claude-3-opus-20240229-t0.0,1_grids,episode_1,Main Score,0.0
129,multimodal_referencegame,claude-3-opus-20240229-t0.0--claude-3-opus-20240229-t0.0,1_grids,episode_1,Request Success Ratio,1.0
130,multimodal_referencegame,claude-3-opus-20240229-t0.0--claude-3-opus-20240229-t0.0,1_grids,episode_6,Generated Expression Length,132.0
131,multimodal_referencegame,claude-3-opus-20240229-t0.0--claude-3-opus-20240229-t0.0,1_grids,episode_6,Generated Expression Number of Tokens,29.0
132,multimodal_referencegame,claude-3-opus-20240229-t0.0--claude-3-opus-20240229-t0.0,1_grids,episode_6,Request Count,2.0
133,multimodal_referencegame,claude-3-opus-20240229-t0.0--claude-3-opus-20240229-t0.0,1_grids,episode_6,Parsed Request Count,2.0
134,multimodal_referencegame,claude-3-opus-20240229-t0.0--claude-3-opus-20240229-t0.0,1_grids,episode_6,Violated Request Count,0.0
135,multimodal_referencegame,claude-3-opus-20240229-t0.0--claude-3-opus-20240229-t0.0,1_grids,episode_6,Success,0.0
136,multimodal_referencegame,claude-3-opus-20240229-t0.0--claude-3-opus-20240229-t0.0,1_grids,episode_6,Lose,1.0
137,multimodal_referencegame,claude-3-opus-20240229-t0.0--claude-3-opus-20240229-t0.0,1_grids,episode_6,Aborted,0.0
138,multimodal_referencegame,claude-3-opus-20240229-t0.0--claude-3-opus-20240229-t0.0,1_grids,episode_6,Main Score,0.0
139,multimodal_referencegame,claude-3-opus-20240229-t0.0--claude-3-opus-20240229-t0.0,1_grids,episode_6,Request Success Ratio,1.0
140,multimodal_referencegame,claude-3-opus-20240229-t0.0--claude-3-opus-20240229-t0.0,1_grids,episode_8,Generated Expression Length,132.0
141,multimodal_referencegame,claude-3-opus-20240229-t0.0--claude-3-opus-20240229-t0.0,1_grids,episode_8,Generated Expression Number of Tokens,29.0
142,multimodal_referencegame,claude-3-opus-20240229-t0.0--claude-3-opus-20240229-t0.0,1_grids,episode_8,Request Count,2.0
143,multimodal_referencegame,claude-3-opus-20240229-t0.0--claude-3-opus-20240229-t0.0,1_grids,episode_8,Parsed Request Count,2.0
144,multimodal_referencegame,claude-3-opus-20240229-t0.0--claude-3-opus-20240229-t0.0,1_grids,episode_8,Violated Request Count,0.0
145,multimodal_referencegame,claude-3-opus-20240229-t0.0--claude-3-opus-20240229-t0.0,1_grids,episode_8,Success,1.0
146,multimodal_referencegame,claude-3-opus-20240229-t0.0--claude-3-opus-20240229-t0.0,1_grids,episode_8,Lose,0.0
147,multimodal_referencegame,claude-3-opus-20240229-t0.0--claude-3-opus-20240229-t0.0,1_grids,episode_8,Aborted,0.0
148,multimodal_referencegame,claude-3-opus-20240229-t0.0--claude-3-opus-20240229-t0.0,1_grids,episode_8,Main Score,100.0
149,multimodal_referencegame,claude-3-opus-20240229-t0.0--claude-3-opus-20240229-t0.0,1_grids,episode_8,Request Success Ratio,1.0
150,multimodal_referencegame,claude-3-opus-20240229-t0.0--claude-3-opus-20240229-t0.0,1_grids,episode_9,Generated Expression Length,98.0
151,multimodal_referencegame,claude-3-opus-20240229-t0.0--claude-3-opus-20240229-t0.0,1_grids,episode_9,Generated Expression Number of Tokens,21.0
152,multimodal_referencegame,claude-3-opus-20240229-t0.0--claude-3-opus-20240229-t0.0,1_grids,episode_9,Request Count,2.0
153,multimodal_referencegame,claude-3-opus-20240229-t0.0--claude-3-opus-20240229-t0.0,1_grids,episode_9,Parsed Request Count,2.0
154,multimodal_referencegame,claude-3-opus-20240229-t0.0--claude-3-opus-20240229-t0.0,1_grids,episode_9,Violated Request Count,0.0
155,multimodal_referencegame,claude-3-opus-20240229-t0.0--claude-3-opus-20240229-t0.0,1_grids,episode_9,Success,0.0
156,multimodal_referencegame,claude-3-opus-20240229-t0.0--claude-3-opus-20240229-t0.0,1_grids,episode_9,Lose,1.0
157,multimodal_referencegame,claude-3-opus-20240229-t0.0--claude-3-opus-20240229-t0.0,1_grids,episode_9,Aborted,0.0
158,multimodal_referencegame,claude-3-opus-20240229-t0.0--claude-3-opus-20240229-t0.0,1_grids,episode_9,Main Score,0.0
159,multimodal_referencegame,claude-3-opus-20240229-t0.0--claude-3-opus-20240229-t0.0,1_grids,episode_9,Request Success Ratio,1.0
160,multimodal_referencegame,claude-3-opus-20240229-t0.0--claude-3-opus-20240229-t0.0,1_grids,episode_7,Generated Expression Length,132.0
161,multimodal_referencegame,claude-3-opus-20240229-t0.0--claude-3-opus-20240229-t0.0,1_grids,episode_7,Generated Expression Number of Tokens,29.0
162,multimodal_referencegame,claude-3-opus-20240229-t0.0--claude-3-opus-20240229-t0.0,1_grids,episode_7,Request Count,2.0
163,multimodal_referencegame,claude-3-opus-20240229-t0.0--claude-3-opus-20240229-t0.0,1_grids,episode_7,Parsed Request Count,2.0
164,multimodal_referencegame,claude-3-opus-20240229-t0.0--claude-3-opus-20240229-t0.0,1_grids,episode_7,Violated Request Count,0.0
165,multimodal_referencegame,claude-3-opus-20240229-t0.0--claude-3-opus-20240229-t0.0,1_grids,episode_7,Success,0.0
166,multimodal_referencegame,claude-3-opus-20240229-t0.0--claude-3-opus-20240229-t0.0,1_grids,episode_7,Lose,1.0
167,multimodal_referencegame,claude-3-opus-20240229-t0.0--claude-3-opus-20240229-t0.0,1_grids,episode_7,Aborted,0.0
168,multimodal_referencegame,claude-3-opus-20240229-t0.0--claude-3-opus-20240229-t0.0,1_grids,episode_7,Main Score,0.0
169,multimodal_referencegame,claude-3-opus-20240229-t0.0--claude-3-opus-20240229-t0.0,1_grids,episode_7,Request Success Ratio,1.0
170,multimodal_referencegame,claude-3-opus-20240229-t0.0--claude-3-opus-20240229-t0.0,1_grids,episode_0,Generated Expression Length,68.0
171,multimodal_referencegame,claude-3-opus-20240229-t0.0--claude-3-opus-20240229-t0.0,1_grids,episode_0,Generated Expression Number of Tokens,16.0
172,multimodal_referencegame,claude-3-opus-20240229-t0.0--claude-3-opus-20240229-t0.0,1_grids,episode_0,Request Count,2.0
173,multimodal_referencegame,claude-3-opus-20240229-t0.0--claude-3-opus-20240229-t0.0,1_grids,episode_0,Parsed Request Count,2.0
174,multimodal_referencegame,claude-3-opus-20240229-t0.0--claude-3-opus-20240229-t0.0,1_grids,episode_0,Violated Request Count,0.0
175,multimodal_referencegame,claude-3-opus-20240229-t0.0--claude-3-opus-20240229-t0.0,1_grids,episode_0,Success,1.0
176,multimodal_referencegame,claude-3-opus-20240229-t0.0--claude-3-opus-20240229-t0.0,1_grids,episode_0,Lose,0.0
177,multimodal_referencegame,claude-3-opus-20240229-t0.0--claude-3-opus-20240229-t0.0,1_grids,episode_0,Aborted,0.0
178,multimodal_referencegame,claude-3-opus-20240229-t0.0--claude-3-opus-20240229-t0.0,1_grids,episode_0,Main Score,100.0
179,multimodal_referencegame,claude-3-opus-20240229-t0.0--claude-3-opus-20240229-t0.0,1_grids,episode_0,Request Success Ratio,1.0
180,multimodal_referencegame,claude-3-opus-20240229-t0.0--claude-3-opus-20240229-t0.0,1_grids,episode_21,Generated Expression Length,52.0
181,multimodal_referencegame,claude-3-opus-20240229-t0.0--claude-3-opus-20240229-t0.0,1_grids,episode_21,Generated Expression Number of Tokens,11.0
182,multimodal_referencegame,claude-3-opus-20240229-t0.0--claude-3-opus-20240229-t0.0,1_grids,episode_21,Request Count,2.0
183,multimodal_referencegame,claude-3-opus-20240229-t0.0--claude-3-opus-20240229-t0.0,1_grids,episode_21,Parsed Request Count,2.0
184,multimodal_referencegame,claude-3-opus-20240229-t0.0--claude-3-opus-20240229-t0.0,1_grids,episode_21,Violated Request Count,0.0
185,multimodal_referencegame,claude-3-opus-20240229-t0.0--claude-3-opus-20240229-t0.0,1_grids,episode_21,Success,0.0
186,multimodal_referencegame,claude-3-opus-20240229-t0.0--claude-3-opus-20240229-t0.0,1_grids,episode_21,Lose,1.0
187,multimodal_referencegame,claude-3-opus-20240229-t0.0--claude-3-opus-20240229-t0.0,1_grids,episode_21,Aborted,0.0
188,multimodal_referencegame,claude-3-opus-20240229-t0.0--claude-3-opus-20240229-t0.0,1_grids,episode_21,Main Score,0.0
189,multimodal_referencegame,claude-3-opus-20240229-t0.0--claude-3-opus-20240229-t0.0,1_grids,episode_21,Request Success Ratio,1.0
190,multimodal_referencegame,claude-3-opus-20240229-t0.0--claude-3-opus-20240229-t0.0,1_grids,episode_19,Generated Expression Length,43.0
191,multimodal_referencegame,claude-3-opus-20240229-t0.0--claude-3-opus-20240229-t0.0,1_grids,episode_19,Generated Expression Number of Tokens,9.0
192,multimodal_referencegame,claude-3-opus-20240229-t0.0--claude-3-opus-20240229-t0.0,1_grids,episode_19,Request Count,2.0
193,multimodal_referencegame,claude-3-opus-20240229-t0.0--claude-3-opus-20240229-t0.0,1_grids,episode_19,Parsed Request Count,2.0
194,multimodal_referencegame,claude-3-opus-20240229-t0.0--claude-3-opus-20240229-t0.0,1_grids,episode_19,Violated Request Count,0.0
195,multimodal_referencegame,claude-3-opus-20240229-t0.0--claude-3-opus-20240229-t0.0,1_grids,episode_19,Success,0.0
196,multimodal_referencegame,claude-3-opus-20240229-t0.0--claude-3-opus-20240229-t0.0,1_grids,episode_19,Lose,1.0
197,multimodal_referencegame,claude-3-opus-20240229-t0.0--claude-3-opus-20240229-t0.0,1_grids,episode_19,Aborted,0.0
198,multimodal_referencegame,claude-3-opus-20240229-t0.0--claude-3-opus-20240229-t0.0,1_grids,episode_19,Main Score,0.0
199,multimodal_referencegame,claude-3-opus-20240229-t0.0--claude-3-opus-20240229-t0.0,1_grids,episode_19,Request Success Ratio,1.0
200,multimodal_referencegame,claude-3-opus-20240229-t0.0--claude-3-opus-20240229-t0.0,1_grids,episode_26,Generated Expression Length,60.0
201,multimodal_referencegame,claude-3-opus-20240229-t0.0--claude-3-opus-20240229-t0.0,1_grids,episode_26,Generated Expression Number of Tokens,13.0
202,multimodal_referencegame,claude-3-opus-20240229-t0.0--claude-3-opus-20240229-t0.0,1_grids,episode_26,Request Count,2.0
203,multimodal_referencegame,claude-3-opus-20240229-t0.0--claude-3-opus-20240229-t0.0,1_grids,episode_26,Parsed Request Count,2.0
204,multimodal_referencegame,claude-3-opus-20240229-t0.0--claude-3-opus-20240229-t0.0,1_grids,episode_26,Violated Request Count,0.0
205,multimodal_referencegame,claude-3-opus-20240229-t0.0--claude-3-opus-20240229-t0.0,1_grids,episode_26,Success,1.0
206,multimodal_referencegame,claude-3-opus-20240229-t0.0--claude-3-opus-20240229-t0.0,1_grids,episode_26,Lose,0.0
207,multimodal_referencegame,claude-3-opus-20240229-t0.0--claude-3-opus-20240229-t0.0,1_grids,episode_26,Aborted,0.0
208,multimodal_referencegame,claude-3-opus-20240229-t0.0--claude-3-opus-20240229-t0.0,1_grids,episode_26,Main Score,100.0
209,multimodal_referencegame,claude-3-opus-20240229-t0.0--claude-3-opus-20240229-t0.0,1_grids,episode_26,Request Success Ratio,1.0
210,multimodal_referencegame,claude-3-opus-20240229-t0.0--claude-3-opus-20240229-t0.0,1_grids,episode_10,Generated Expression Length,98.0
211,multimodal_referencegame,claude-3-opus-20240229-t0.0--claude-3-opus-20240229-t0.0,1_grids,episode_10,Generated Expression Number of Tokens,21.0
212,multimodal_referencegame,claude-3-opus-20240229-t0.0--claude-3-opus-20240229-t0.0,1_grids,episode_10,Request Count,2.0
213,multimodal_referencegame,claude-3-opus-20240229-t0.0--claude-3-opus-20240229-t0.0,1_grids,episode_10,Parsed Request Count,2.0
214,multimodal_referencegame,claude-3-opus-20240229-t0.0--claude-3-opus-20240229-t0.0,1_grids,episode_10,Violated Request Count,0.0
215,multimodal_referencegame,claude-3-opus-20240229-t0.0--claude-3-opus-20240229-t0.0,1_grids,episode_10,Success,1.0
216,multimodal_referencegame,claude-3-opus-20240229-t0.0--claude-3-opus-20240229-t0.0,1_grids,episode_10,Lose,0.0
217,multimodal_referencegame,claude-3-opus-20240229-t0.0--claude-3-opus-20240229-t0.0,1_grids,episode_10,Aborted,0.0
218,multimodal_referencegame,claude-3-opus-20240229-t0.0--claude-3-opus-20240229-t0.0,1_grids,episode_10,Main Score,100.0
219,multimodal_referencegame,claude-3-opus-20240229-t0.0--claude-3-opus-20240229-t0.0,1_grids,episode_10,Request Success Ratio,1.0
220,multimodal_referencegame,claude-3-opus-20240229-t0.0--claude-3-opus-20240229-t0.0,1_grids,episode_28,Generated Expression Length,38.0
221,multimodal_referencegame,claude-3-opus-20240229-t0.0--claude-3-opus-20240229-t0.0,1_grids,episode_28,Generated Expression Number of Tokens,7.0
222,multimodal_referencegame,claude-3-opus-20240229-t0.0--claude-3-opus-20240229-t0.0,1_grids,episode_28,Request Count,2.0
223,multimodal_referencegame,claude-3-opus-20240229-t0.0--claude-3-opus-20240229-t0.0,1_grids,episode_28,Parsed Request Count,2.0
224,multimodal_referencegame,claude-3-opus-20240229-t0.0--claude-3-opus-20240229-t0.0,1_grids,episode_28,Violated Request Count,0.0
225,multimodal_referencegame,claude-3-opus-20240229-t0.0--claude-3-opus-20240229-t0.0,1_grids,episode_28,Success,1.0
226,multimodal_referencegame,claude-3-opus-20240229-t0.0--claude-3-opus-20240229-t0.0,1_grids,episode_28,Lose,0.0
227,multimodal_referencegame,claude-3-opus-20240229-t0.0--claude-3-opus-20240229-t0.0,1_grids,episode_28,Aborted,0.0
228,multimodal_referencegame,claude-3-opus-20240229-t0.0--claude-3-opus-20240229-t0.0,1_grids,episode_28,Main Score,100.0
229,multimodal_referencegame,claude-3-opus-20240229-t0.0--claude-3-opus-20240229-t0.0,1_grids,episode_28,Request Success Ratio,1.0
230,multimodal_referencegame,claude-3-opus-20240229-t0.0--claude-3-opus-20240229-t0.0,1_grids,episode_17,Generated Expression Length,41.0
231,multimodal_referencegame,claude-3-opus-20240229-t0.0--claude-3-opus-20240229-t0.0,1_grids,episode_17,Generated Expression Number of Tokens,9.0
232,multimodal_referencegame,claude-3-opus-20240229-t0.0--claude-3-opus-20240229-t0.0,1_grids,episode_17,Request Count,2.0
233,multimodal_referencegame,claude-3-opus-20240229-t0.0--claude-3-opus-20240229-t0.0,1_grids,episode_17,Parsed Request Count,2.0
234,multimodal_referencegame,claude-3-opus-20240229-t0.0--claude-3-opus-20240229-t0.0,1_grids,episode_17,Violated Request Count,0.0
235,multimodal_referencegame,claude-3-opus-20240229-t0.0--claude-3-opus-20240229-t0.0,1_grids,episode_17,Success,1.0
236,multimodal_referencegame,claude-3-opus-20240229-t0.0--claude-3-opus-20240229-t0.0,1_grids,episode_17,Lose,0.0
237,multimodal_referencegame,claude-3-opus-20240229-t0.0--claude-3-opus-20240229-t0.0,1_grids,episode_17,Aborted,0.0
238,multimodal_referencegame,claude-3-opus-20240229-t0.0--claude-3-opus-20240229-t0.0,1_grids,episode_17,Main Score,100.0
239,multimodal_referencegame,claude-3-opus-20240229-t0.0--claude-3-opus-20240229-t0.0,1_grids,episode_17,Request Success Ratio,1.0
240,multimodal_referencegame,claude-3-opus-20240229-t0.0--claude-3-opus-20240229-t0.0,1_grids,episode_29,Generated Expression Length,38.0
241,multimodal_referencegame,claude-3-opus-20240229-t0.0--claude-3-opus-20240229-t0.0,1_grids,episode_29,Generated Expression Number of Tokens,7.0
242,multimodal_referencegame,claude-3-opus-20240229-t0.0--claude-3-opus-20240229-t0.0,1_grids,episode_29,Request Count,2.0
243,multimodal_referencegame,claude-3-opus-20240229-t0.0--claude-3-opus-20240229-t0.0,1_grids,episode_29,Parsed Request Count,2.0
244,multimodal_referencegame,claude-3-opus-20240229-t0.0--claude-3-opus-20240229-t0.0,1_grids,episode_29,Violated Request Count,0.0
245,multimodal_referencegame,claude-3-opus-20240229-t0.0--claude-3-opus-20240229-t0.0,1_grids,episode_29,Success,0.0
246,multimodal_referencegame,claude-3-opus-20240229-t0.0--claude-3-opus-20240229-t0.0,1_grids,episode_29,Lose,1.0
247,multimodal_referencegame,claude-3-opus-20240229-t0.0--claude-3-opus-20240229-t0.0,1_grids,episode_29,Aborted,0.0
248,multimodal_referencegame,claude-3-opus-20240229-t0.0--claude-3-opus-20240229-t0.0,1_grids,episode_29,Main Score,0.0
249,multimodal_referencegame,claude-3-opus-20240229-t0.0--claude-3-opus-20240229-t0.0,1_grids,episode_29,Request Success Ratio,1.0
250,multimodal_referencegame,claude-3-opus-20240229-t0.0--claude-3-opus-20240229-t0.0,1_grids,episode_16,Generated Expression Length,41.0
251,multimodal_referencegame,claude-3-opus-20240229-t0.0--claude-3-opus-20240229-t0.0,1_grids,episode_16,Generated Expression Number of Tokens,9.0
252,multimodal_referencegame,claude-3-opus-20240229-t0.0--claude-3-opus-20240229-t0.0,1_grids,episode_16,Request Count,2.0
253,multimodal_referencegame,claude-3-opus-20240229-t0.0--claude-3-opus-20240229-t0.0,1_grids,episode_16,Parsed Request Count,2.0
254,multimodal_referencegame,claude-3-opus-20240229-t0.0--claude-3-opus-20240229-t0.0,1_grids,episode_16,Violated Request Count,0.0
255,multimodal_referencegame,claude-3-opus-20240229-t0.0--claude-3-opus-20240229-t0.0,1_grids,episode_16,Success,1.0
256,multimodal_referencegame,claude-3-opus-20240229-t0.0--claude-3-opus-20240229-t0.0,1_grids,episode_16,Lose,0.0
257,multimodal_referencegame,claude-3-opus-20240229-t0.0--claude-3-opus-20240229-t0.0,1_grids,episode_16,Aborted,0.0
258,multimodal_referencegame,claude-3-opus-20240229-t0.0--claude-3-opus-20240229-t0.0,1_grids,episode_16,Main Score,100.0
259,multimodal_referencegame,claude-3-opus-20240229-t0.0--claude-3-opus-20240229-t0.0,1_grids,episode_16,Request Success Ratio,1.0
260,multimodal_referencegame,claude-3-opus-20240229-t0.0--claude-3-opus-20240229-t0.0,1_grids,episode_11,Generated Expression Length,98.0
261,multimodal_referencegame,claude-3-opus-20240229-t0.0--claude-3-opus-20240229-t0.0,1_grids,episode_11,Generated Expression Number of Tokens,21.0
262,multimodal_referencegame,claude-3-opus-20240229-t0.0--claude-3-opus-20240229-t0.0,1_grids,episode_11,Request Count,2.0
263,multimodal_referencegame,claude-3-opus-20240229-t0.0--claude-3-opus-20240229-t0.0,1_grids,episode_11,Parsed Request Count,2.0
264,multimodal_referencegame,claude-3-opus-20240229-t0.0--claude-3-opus-20240229-t0.0,1_grids,episode_11,Violated Request Count,0.0
265,multimodal_referencegame,claude-3-opus-20240229-t0.0--claude-3-opus-20240229-t0.0,1_grids,episode_11,Success,1.0
266,multimodal_referencegame,claude-3-opus-20240229-t0.0--claude-3-opus-20240229-t0.0,1_grids,episode_11,Lose,0.0
267,multimodal_referencegame,claude-3-opus-20240229-t0.0--claude-3-opus-20240229-t0.0,1_grids,episode_11,Aborted,0.0
268,multimodal_referencegame,claude-3-opus-20240229-t0.0--claude-3-opus-20240229-t0.0,1_grids,episode_11,Main Score,100.0
269,multimodal_referencegame,claude-3-opus-20240229-t0.0--claude-3-opus-20240229-t0.0,1_grids,episode_11,Request Success Ratio,1.0
270,multimodal_referencegame,claude-3-opus-20240229-t0.0--claude-3-opus-20240229-t0.0,1_grids,episode_18,Generated Expression Length,43.0
271,multimodal_referencegame,claude-3-opus-20240229-t0.0--claude-3-opus-20240229-t0.0,1_grids,episode_18,Generated Expression Number of Tokens,9.0
272,multimodal_referencegame,claude-3-opus-20240229-t0.0--claude-3-opus-20240229-t0.0,1_grids,episode_18,Request Count,2.0
273,multimodal_referencegame,claude-3-opus-20240229-t0.0--claude-3-opus-20240229-t0.0,1_grids,episode_18,Parsed Request Count,2.0
274,multimodal_referencegame,claude-3-opus-20240229-t0.0--claude-3-opus-20240229-t0.0,1_grids,episode_18,Violated Request Count,0.0
275,multimodal_referencegame,claude-3-opus-20240229-t0.0--claude-3-opus-20240229-t0.0,1_grids,episode_18,Success,1.0
276,multimodal_referencegame,claude-3-opus-20240229-t0.0--claude-3-opus-20240229-t0.0,1_grids,episode_18,Lose,0.0
277,multimodal_referencegame,claude-3-opus-20240229-t0.0--claude-3-opus-20240229-t0.0,1_grids,episode_18,Aborted,0.0
278,multimodal_referencegame,claude-3-opus-20240229-t0.0--claude-3-opus-20240229-t0.0,1_grids,episode_18,Main Score,100.0
279,multimodal_referencegame,claude-3-opus-20240229-t0.0--claude-3-opus-20240229-t0.0,1_grids,episode_18,Request Success Ratio,1.0
280,multimodal_referencegame,claude-3-opus-20240229-t0.0--claude-3-opus-20240229-t0.0,1_grids,episode_27,Generated Expression Length,38.0
281,multimodal_referencegame,claude-3-opus-20240229-t0.0--claude-3-opus-20240229-t0.0,1_grids,episode_27,Generated Expression Number of Tokens,7.0
282,multimodal_referencegame,claude-3-opus-20240229-t0.0--claude-3-opus-20240229-t0.0,1_grids,episode_27,Request Count,2.0
283,multimodal_referencegame,claude-3-opus-20240229-t0.0--claude-3-opus-20240229-t0.0,1_grids,episode_27,Parsed Request Count,2.0
284,multimodal_referencegame,claude-3-opus-20240229-t0.0--claude-3-opus-20240229-t0.0,1_grids,episode_27,Violated Request Count,0.0
285,multimodal_referencegame,claude-3-opus-20240229-t0.0--claude-3-opus-20240229-t0.0,1_grids,episode_27,Success,1.0
286,multimodal_referencegame,claude-3-opus-20240229-t0.0--claude-3-opus-20240229-t0.0,1_grids,episode_27,Lose,0.0
287,multimodal_referencegame,claude-3-opus-20240229-t0.0--claude-3-opus-20240229-t0.0,1_grids,episode_27,Aborted,0.0
288,multimodal_referencegame,claude-3-opus-20240229-t0.0--claude-3-opus-20240229-t0.0,1_grids,episode_27,Main Score,100.0
289,multimodal_referencegame,claude-3-opus-20240229-t0.0--claude-3-opus-20240229-t0.0,1_grids,episode_27,Request Success Ratio,1.0
290,multimodal_referencegame,claude-3-opus-20240229-t0.0--claude-3-opus-20240229-t0.0,1_grids,episode_20,Generated Expression Length,43.0
291,multimodal_referencegame,claude-3-opus-20240229-t0.0--claude-3-opus-20240229-t0.0,1_grids,episode_20,Generated Expression Number of Tokens,9.0
292,multimodal_referencegame,claude-3-opus-20240229-t0.0--claude-3-opus-20240229-t0.0,1_grids,episode_20,Request Count,2.0
293,multimodal_referencegame,claude-3-opus-20240229-t0.0--claude-3-opus-20240229-t0.0,1_grids,episode_20,Parsed Request Count,2.0
294,multimodal_referencegame,claude-3-opus-20240229-t0.0--claude-3-opus-20240229-t0.0,1_grids,episode_20,Violated Request Count,0.0
295,multimodal_referencegame,claude-3-opus-20240229-t0.0--claude-3-opus-20240229-t0.0,1_grids,episode_20,Success,1.0
296,multimodal_referencegame,claude-3-opus-20240229-t0.0--claude-3-opus-20240229-t0.0,1_grids,episode_20,Lose,0.0
297,multimodal_referencegame,claude-3-opus-20240229-t0.0--claude-3-opus-20240229-t0.0,1_grids,episode_20,Aborted,0.0
298,multimodal_referencegame,claude-3-opus-20240229-t0.0--claude-3-opus-20240229-t0.0,1_grids,episode_20,Main Score,100.0
299,multimodal_referencegame,claude-3-opus-20240229-t0.0--claude-3-opus-20240229-t0.0,1_grids,episode_20,Request Success Ratio,1.0
300,multimodal_referencegame,claude-3-opus-20240229-t0.0--claude-3-opus-20240229-t0.0,0_scenes,episode_5,Generated Expression Length,93.0
301,multimodal_referencegame,claude-3-opus-20240229-t0.0--claude-3-opus-20240229-t0.0,0_scenes,episode_5,Generated Expression Number of Tokens,16.0
302,multimodal_referencegame,claude-3-opus-20240229-t0.0--claude-3-opus-20240229-t0.0,0_scenes,episode_5,Request Count,2.0
303,multimodal_referencegame,claude-3-opus-20240229-t0.0--claude-3-opus-20240229-t0.0,0_scenes,episode_5,Parsed Request Count,2.0
304,multimodal_referencegame,claude-3-opus-20240229-t0.0--claude-3-opus-20240229-t0.0,0_scenes,episode_5,Violated Request Count,0.0
305,multimodal_referencegame,claude-3-opus-20240229-t0.0--claude-3-opus-20240229-t0.0,0_scenes,episode_5,Success,1.0
306,multimodal_referencegame,claude-3-opus-20240229-t0.0--claude-3-opus-20240229-t0.0,0_scenes,episode_5,Lose,0.0
307,multimodal_referencegame,claude-3-opus-20240229-t0.0--claude-3-opus-20240229-t0.0,0_scenes,episode_5,Aborted,0.0
308,multimodal_referencegame,claude-3-opus-20240229-t0.0--claude-3-opus-20240229-t0.0,0_scenes,episode_5,Main Score,100.0
309,multimodal_referencegame,claude-3-opus-20240229-t0.0--claude-3-opus-20240229-t0.0,0_scenes,episode_5,Request Success Ratio,1.0
310,multimodal_referencegame,claude-3-opus-20240229-t0.0--claude-3-opus-20240229-t0.0,0_scenes,episode_2,Generated Expression Length,108.0
311,multimodal_referencegame,claude-3-opus-20240229-t0.0--claude-3-opus-20240229-t0.0,0_scenes,episode_2,Generated Expression Number of Tokens,20.0
312,multimodal_referencegame,claude-3-opus-20240229-t0.0--claude-3-opus-20240229-t0.0,0_scenes,episode_2,Request Count,2.0
313,multimodal_referencegame,claude-3-opus-20240229-t0.0--claude-3-opus-20240229-t0.0,0_scenes,episode_2,Parsed Request Count,2.0
314,multimodal_referencegame,claude-3-opus-20240229-t0.0--claude-3-opus-20240229-t0.0,0_scenes,episode_2,Violated Request Count,0.0
315,multimodal_referencegame,claude-3-opus-20240229-t0.0--claude-3-opus-20240229-t0.0,0_scenes,episode_2,Success,1.0
316,multimodal_referencegame,claude-3-opus-20240229-t0.0--claude-3-opus-20240229-t0.0,0_scenes,episode_2,Lose,0.0
317,multimodal_referencegame,claude-3-opus-20240229-t0.0--claude-3-opus-20240229-t0.0,0_scenes,episode_2,Aborted,0.0
318,multimodal_referencegame,claude-3-opus-20240229-t0.0--claude-3-opus-20240229-t0.0,0_scenes,episode_2,Main Score,100.0
319,multimodal_referencegame,claude-3-opus-20240229-t0.0--claude-3-opus-20240229-t0.0,0_scenes,episode_2,Request Success Ratio,1.0
320,multimodal_referencegame,claude-3-opus-20240229-t0.0--claude-3-opus-20240229-t0.0,0_scenes,episode_3,Generated Expression Length,93.0
321,multimodal_referencegame,claude-3-opus-20240229-t0.0--claude-3-opus-20240229-t0.0,0_scenes,episode_3,Generated Expression Number of Tokens,16.0
322,multimodal_referencegame,claude-3-opus-20240229-t0.0--claude-3-opus-20240229-t0.0,0_scenes,episode_3,Request Count,2.0
323,multimodal_referencegame,claude-3-opus-20240229-t0.0--claude-3-opus-20240229-t0.0,0_scenes,episode_3,Parsed Request Count,2.0
324,multimodal_referencegame,claude-3-opus-20240229-t0.0--claude-3-opus-20240229-t0.0,0_scenes,episode_3,Violated Request Count,0.0
325,multimodal_referencegame,claude-3-opus-20240229-t0.0--claude-3-opus-20240229-t0.0,0_scenes,episode_3,Success,1.0
326,multimodal_referencegame,claude-3-opus-20240229-t0.0--claude-3-opus-20240229-t0.0,0_scenes,episode_3,Lose,0.0
327,multimodal_referencegame,claude-3-opus-20240229-t0.0--claude-3-opus-20240229-t0.0,0_scenes,episode_3,Aborted,0.0
328,multimodal_referencegame,claude-3-opus-20240229-t0.0--claude-3-opus-20240229-t0.0,0_scenes,episode_3,Main Score,100.0
329,multimodal_referencegame,claude-3-opus-20240229-t0.0--claude-3-opus-20240229-t0.0,0_scenes,episode_3,Request Success Ratio,1.0
330,multimodal_referencegame,claude-3-opus-20240229-t0.0--claude-3-opus-20240229-t0.0,0_scenes,episode_4,Generated Expression Length,67.0
331,multimodal_referencegame,claude-3-opus-20240229-t0.0--claude-3-opus-20240229-t0.0,0_scenes,episode_4,Generated Expression Number of Tokens,12.0
332,multimodal_referencegame,claude-3-opus-20240229-t0.0--claude-3-opus-20240229-t0.0,0_scenes,episode_4,Request Count,2.0
333,multimodal_referencegame,claude-3-opus-20240229-t0.0--claude-3-opus-20240229-t0.0,0_scenes,episode_4,Parsed Request Count,2.0
334,multimodal_referencegame,claude-3-opus-20240229-t0.0--claude-3-opus-20240229-t0.0,0_scenes,episode_4,Violated Request Count,0.0
335,multimodal_referencegame,claude-3-opus-20240229-t0.0--claude-3-opus-20240229-t0.0,0_scenes,episode_4,Success,0.0
336,multimodal_referencegame,claude-3-opus-20240229-t0.0--claude-3-opus-20240229-t0.0,0_scenes,episode_4,Lose,1.0
337,multimodal_referencegame,claude-3-opus-20240229-t0.0--claude-3-opus-20240229-t0.0,0_scenes,episode_4,Aborted,0.0
338,multimodal_referencegame,claude-3-opus-20240229-t0.0--claude-3-opus-20240229-t0.0,0_scenes,episode_4,Main Score,0.0
339,multimodal_referencegame,claude-3-opus-20240229-t0.0--claude-3-opus-20240229-t0.0,0_scenes,episode_4,Request Success Ratio,1.0
340,multimodal_referencegame,claude-3-opus-20240229-t0.0--claude-3-opus-20240229-t0.0,0_scenes,episode_25,Generated Expression Length,106.0
341,multimodal_referencegame,claude-3-opus-20240229-t0.0--claude-3-opus-20240229-t0.0,0_scenes,episode_25,Generated Expression Number of Tokens,20.0
342,multimodal_referencegame,claude-3-opus-20240229-t0.0--claude-3-opus-20240229-t0.0,0_scenes,episode_25,Request Count,2.0
343,multimodal_referencegame,claude-3-opus-20240229-t0.0--claude-3-opus-20240229-t0.0,0_scenes,episode_25,Parsed Request Count,2.0
344,multimodal_referencegame,claude-3-opus-20240229-t0.0--claude-3-opus-20240229-t0.0,0_scenes,episode_25,Violated Request Count,0.0
345,multimodal_referencegame,claude-3-opus-20240229-t0.0--claude-3-opus-20240229-t0.0,0_scenes,episode_25,Success,1.0
346,multimodal_referencegame,claude-3-opus-20240229-t0.0--claude-3-opus-20240229-t0.0,0_scenes,episode_25,Lose,0.0
347,multimodal_referencegame,claude-3-opus-20240229-t0.0--claude-3-opus-20240229-t0.0,0_scenes,episode_25,Aborted,0.0
348,multimodal_referencegame,claude-3-opus-20240229-t0.0--claude-3-opus-20240229-t0.0,0_scenes,episode_25,Main Score,100.0
349,multimodal_referencegame,claude-3-opus-20240229-t0.0--claude-3-opus-20240229-t0.0,0_scenes,episode_25,Request Success Ratio,1.0
350,multimodal_referencegame,claude-3-opus-20240229-t0.0--claude-3-opus-20240229-t0.0,0_scenes,episode_22,Generated Expression Length,107.0
351,multimodal_referencegame,claude-3-opus-20240229-t0.0--claude-3-opus-20240229-t0.0,0_scenes,episode_22,Generated Expression Number of Tokens,22.0
352,multimodal_referencegame,claude-3-opus-20240229-t0.0--claude-3-opus-20240229-t0.0,0_scenes,episode_22,Request Count,2.0
353,multimodal_referencegame,claude-3-opus-20240229-t0.0--claude-3-opus-20240229-t0.0,0_scenes,episode_22,Parsed Request Count,2.0
354,multimodal_referencegame,claude-3-opus-20240229-t0.0--claude-3-opus-20240229-t0.0,0_scenes,episode_22,Violated Request Count,0.0
355,multimodal_referencegame,claude-3-opus-20240229-t0.0--claude-3-opus-20240229-t0.0,0_scenes,episode_22,Success,0.0
356,multimodal_referencegame,claude-3-opus-20240229-t0.0--claude-3-opus-20240229-t0.0,0_scenes,episode_22,Lose,1.0
357,multimodal_referencegame,claude-3-opus-20240229-t0.0--claude-3-opus-20240229-t0.0,0_scenes,episode_22,Aborted,0.0
358,multimodal_referencegame,claude-3-opus-20240229-t0.0--claude-3-opus-20240229-t0.0,0_scenes,episode_22,Main Score,0.0
359,multimodal_referencegame,claude-3-opus-20240229-t0.0--claude-3-opus-20240229-t0.0,0_scenes,episode_22,Request Success Ratio,1.0
360,multimodal_referencegame,claude-3-opus-20240229-t0.0--claude-3-opus-20240229-t0.0,0_scenes,episode_14,Generated Expression Length,77.0
361,multimodal_referencegame,claude-3-opus-20240229-t0.0--claude-3-opus-20240229-t0.0,0_scenes,episode_14,Generated Expression Number of Tokens,13.0
362,multimodal_referencegame,claude-3-opus-20240229-t0.0--claude-3-opus-20240229-t0.0,0_scenes,episode_14,Request Count,2.0
363,multimodal_referencegame,claude-3-opus-20240229-t0.0--claude-3-opus-20240229-t0.0,0_scenes,episode_14,Parsed Request Count,2.0
364,multimodal_referencegame,claude-3-opus-20240229-t0.0--claude-3-opus-20240229-t0.0,0_scenes,episode_14,Violated Request Count,0.0
365,multimodal_referencegame,claude-3-opus-20240229-t0.0--claude-3-opus-20240229-t0.0,0_scenes,episode_14,Success,1.0
366,multimodal_referencegame,claude-3-opus-20240229-t0.0--claude-3-opus-20240229-t0.0,0_scenes,episode_14,Lose,0.0
367,multimodal_referencegame,claude-3-opus-20240229-t0.0--claude-3-opus-20240229-t0.0,0_scenes,episode_14,Aborted,0.0
368,multimodal_referencegame,claude-3-opus-20240229-t0.0--claude-3-opus-20240229-t0.0,0_scenes,episode_14,Main Score,100.0
369,multimodal_referencegame,claude-3-opus-20240229-t0.0--claude-3-opus-20240229-t0.0,0_scenes,episode_14,Request Success Ratio,1.0
370,multimodal_referencegame,claude-3-opus-20240229-t0.0--claude-3-opus-20240229-t0.0,0_scenes,episode_13,Generated Expression Length,77.0
371,multimodal_referencegame,claude-3-opus-20240229-t0.0--claude-3-opus-20240229-t0.0,0_scenes,episode_13,Generated Expression Number of Tokens,13.0
372,multimodal_referencegame,claude-3-opus-20240229-t0.0--claude-3-opus-20240229-t0.0,0_scenes,episode_13,Request Count,2.0
373,multimodal_referencegame,claude-3-opus-20240229-t0.0--claude-3-opus-20240229-t0.0,0_scenes,episode_13,Parsed Request Count,2.0
374,multimodal_referencegame,claude-3-opus-20240229-t0.0--claude-3-opus-20240229-t0.0,0_scenes,episode_13,Violated Request Count,0.0
375,multimodal_referencegame,claude-3-opus-20240229-t0.0--claude-3-opus-20240229-t0.0,0_scenes,episode_13,Success,0.0
376,multimodal_referencegame,claude-3-opus-20240229-t0.0--claude-3-opus-20240229-t0.0,0_scenes,episode_13,Lose,1.0
377,multimodal_referencegame,claude-3-opus-20240229-t0.0--claude-3-opus-20240229-t0.0,0_scenes,episode_13,Aborted,0.0
378,multimodal_referencegame,claude-3-opus-20240229-t0.0--claude-3-opus-20240229-t0.0,0_scenes,episode_13,Main Score,0.0
379,multimodal_referencegame,claude-3-opus-20240229-t0.0--claude-3-opus-20240229-t0.0,0_scenes,episode_13,Request Success Ratio,1.0
380,multimodal_referencegame,claude-3-opus-20240229-t0.0--claude-3-opus-20240229-t0.0,0_scenes,episode_12,Generated Expression Length,77.0
381,multimodal_referencegame,claude-3-opus-20240229-t0.0--claude-3-opus-20240229-t0.0,0_scenes,episode_12,Generated Expression Number of Tokens,13.0
382,multimodal_referencegame,claude-3-opus-20240229-t0.0--claude-3-opus-20240229-t0.0,0_scenes,episode_12,Request Count,2.0
383,multimodal_referencegame,claude-3-opus-20240229-t0.0--claude-3-opus-20240229-t0.0,0_scenes,episode_12,Parsed Request Count,2.0
384,multimodal_referencegame,claude-3-opus-20240229-t0.0--claude-3-opus-20240229-t0.0,0_scenes,episode_12,Violated Request Count,0.0
385,multimodal_referencegame,claude-3-opus-20240229-t0.0--claude-3-opus-20240229-t0.0,0_scenes,episode_12,Success,1.0
386,multimodal_referencegame,claude-3-opus-20240229-t0.0--claude-3-opus-20240229-t0.0,0_scenes,episode_12,Lose,0.0
387,multimodal_referencegame,claude-3-opus-20240229-t0.0--claude-3-opus-20240229-t0.0,0_scenes,episode_12,Aborted,0.0
388,multimodal_referencegame,claude-3-opus-20240229-t0.0--claude-3-opus-20240229-t0.0,0_scenes,episode_12,Main Score,100.0
389,multimodal_referencegame,claude-3-opus-20240229-t0.0--claude-3-opus-20240229-t0.0,0_scenes,episode_12,Request Success Ratio,1.0
390,multimodal_referencegame,claude-3-opus-20240229-t0.0--claude-3-opus-20240229-t0.0,0_scenes,episode_15,Generated Expression Length,87.0
391,multimodal_referencegame,claude-3-opus-20240229-t0.0--claude-3-opus-20240229-t0.0,0_scenes,episode_15,Generated Expression Number of Tokens,14.0
392,multimodal_referencegame,claude-3-opus-20240229-t0.0--claude-3-opus-20240229-t0.0,0_scenes,episode_15,Request Count,2.0
393,multimodal_referencegame,claude-3-opus-20240229-t0.0--claude-3-opus-20240229-t0.0,0_scenes,episode_15,Parsed Request Count,2.0
394,multimodal_referencegame,claude-3-opus-20240229-t0.0--claude-3-opus-20240229-t0.0,0_scenes,episode_15,Violated Request Count,0.0
395,multimodal_referencegame,claude-3-opus-20240229-t0.0--claude-3-opus-20240229-t0.0,0_scenes,episode_15,Success,1.0
396,multimodal_referencegame,claude-3-opus-20240229-t0.0--claude-3-opus-20240229-t0.0,0_scenes,episode_15,Lose,0.0
397,multimodal_referencegame,claude-3-opus-20240229-t0.0--claude-3-opus-20240229-t0.0,0_scenes,episode_15,Aborted,0.0
398,multimodal_referencegame,claude-3-opus-20240229-t0.0--claude-3-opus-20240229-t0.0,0_scenes,episode_15,Main Score,100.0
399,multimodal_referencegame,claude-3-opus-20240229-t0.0--claude-3-opus-20240229-t0.0,0_scenes,episode_15,Request Success Ratio,1.0
400,multimodal_referencegame,claude-3-opus-20240229-t0.0--claude-3-opus-20240229-t0.0,0_scenes,episode_23,Generated Expression Length,107.0
401,multimodal_referencegame,claude-3-opus-20240229-t0.0--claude-3-opus-20240229-t0.0,0_scenes,episode_23,Generated Expression Number of Tokens,22.0
402,multimodal_referencegame,claude-3-opus-20240229-t0.0--claude-3-opus-20240229-t0.0,0_scenes,episode_23,Request Count,2.0
403,multimodal_referencegame,claude-3-opus-20240229-t0.0--claude-3-opus-20240229-t0.0,0_scenes,episode_23,Parsed Request Count,2.0
404,multimodal_referencegame,claude-3-opus-20240229-t0.0--claude-3-opus-20240229-t0.0,0_scenes,episode_23,Violated Request Count,0.0
405,multimodal_referencegame,claude-3-opus-20240229-t0.0--claude-3-opus-20240229-t0.0,0_scenes,episode_23,Success,1.0
406,multimodal_referencegame,claude-3-opus-20240229-t0.0--claude-3-opus-20240229-t0.0,0_scenes,episode_23,Lose,0.0
407,multimodal_referencegame,claude-3-opus-20240229-t0.0--claude-3-opus-20240229-t0.0,0_scenes,episode_23,Aborted,0.0
408,multimodal_referencegame,claude-3-opus-20240229-t0.0--claude-3-opus-20240229-t0.0,0_scenes,episode_23,Main Score,100.0
409,multimodal_referencegame,claude-3-opus-20240229-t0.0--claude-3-opus-20240229-t0.0,0_scenes,episode_23,Request Success Ratio,1.0
410,multimodal_referencegame,claude-3-opus-20240229-t0.0--claude-3-opus-20240229-t0.0,0_scenes,episode_24,Generated Expression Length,106.0
411,multimodal_referencegame,claude-3-opus-20240229-t0.0--claude-3-opus-20240229-t0.0,0_scenes,episode_24,Generated Expression Number of Tokens,20.0
412,multimodal_referencegame,claude-3-opus-20240229-t0.0--claude-3-opus-20240229-t0.0,0_scenes,episode_24,Request Count,2.0
413,multimodal_referencegame,claude-3-opus-20240229-t0.0--claude-3-opus-20240229-t0.0,0_scenes,episode_24,Parsed Request Count,2.0
414,multimodal_referencegame,claude-3-opus-20240229-t0.0--claude-3-opus-20240229-t0.0,0_scenes,episode_24,Violated Request Count,0.0
415,multimodal_referencegame,claude-3-opus-20240229-t0.0--claude-3-opus-20240229-t0.0,0_scenes,episode_24,Success,1.0
416,multimodal_referencegame,claude-3-opus-20240229-t0.0--claude-3-opus-20240229-t0.0,0_scenes,episode_24,Lose,0.0
417,multimodal_referencegame,claude-3-opus-20240229-t0.0--claude-3-opus-20240229-t0.0,0_scenes,episode_24,Aborted,0.0
418,multimodal_referencegame,claude-3-opus-20240229-t0.0--claude-3-opus-20240229-t0.0,0_scenes,episode_24,Main Score,100.0
419,multimodal_referencegame,claude-3-opus-20240229-t0.0--claude-3-opus-20240229-t0.0,0_scenes,episode_24,Request Success Ratio,1.0
420,multimodal_referencegame,claude-3-opus-20240229-t0.0--claude-3-opus-20240229-t0.0,0_scenes,episode_1,Generated Expression Length,108.0
421,multimodal_referencegame,claude-3-opus-20240229-t0.0--claude-3-opus-20240229-t0.0,0_scenes,episode_1,Generated Expression Number of Tokens,20.0
422,multimodal_referencegame,claude-3-opus-20240229-t0.0--claude-3-opus-20240229-t0.0,0_scenes,episode_1,Request Count,2.0
423,multimodal_referencegame,claude-3-opus-20240229-t0.0--claude-3-opus-20240229-t0.0,0_scenes,episode_1,Parsed Request Count,2.0
424,multimodal_referencegame,claude-3-opus-20240229-t0.0--claude-3-opus-20240229-t0.0,0_scenes,episode_1,Violated Request Count,0.0
425,multimodal_referencegame,claude-3-opus-20240229-t0.0--claude-3-opus-20240229-t0.0,0_scenes,episode_1,Success,1.0
426,multimodal_referencegame,claude-3-opus-20240229-t0.0--claude-3-opus-20240229-t0.0,0_scenes,episode_1,Lose,0.0
427,multimodal_referencegame,claude-3-opus-20240229-t0.0--claude-3-opus-20240229-t0.0,0_scenes,episode_1,Aborted,0.0
428,multimodal_referencegame,claude-3-opus-20240229-t0.0--claude-3-opus-20240229-t0.0,0_scenes,episode_1,Main Score,100.0
429,multimodal_referencegame,claude-3-opus-20240229-t0.0--claude-3-opus-20240229-t0.0,0_scenes,episode_1,Request Success Ratio,1.0
430,multimodal_referencegame,claude-3-opus-20240229-t0.0--claude-3-opus-20240229-t0.0,0_scenes,episode_6,Generated Expression Length,88.0
431,multimodal_referencegame,claude-3-opus-20240229-t0.0--claude-3-opus-20240229-t0.0,0_scenes,episode_6,Generated Expression Number of Tokens,14.0
432,multimodal_referencegame,claude-3-opus-20240229-t0.0--claude-3-opus-20240229-t0.0,0_scenes,episode_6,Request Count,2.0
433,multimodal_referencegame,claude-3-opus-20240229-t0.0--claude-3-opus-20240229-t0.0,0_scenes,episode_6,Parsed Request Count,2.0
434,multimodal_referencegame,claude-3-opus-20240229-t0.0--claude-3-opus-20240229-t0.0,0_scenes,episode_6,Violated Request Count,0.0
435,multimodal_referencegame,claude-3-opus-20240229-t0.0--claude-3-opus-20240229-t0.0,0_scenes,episode_6,Success,1.0
436,multimodal_referencegame,claude-3-opus-20240229-t0.0--claude-3-opus-20240229-t0.0,0_scenes,episode_6,Lose,0.0
437,multimodal_referencegame,claude-3-opus-20240229-t0.0--claude-3-opus-20240229-t0.0,0_scenes,episode_6,Aborted,0.0
438,multimodal_referencegame,claude-3-opus-20240229-t0.0--claude-3-opus-20240229-t0.0,0_scenes,episode_6,Main Score,100.0
439,multimodal_referencegame,claude-3-opus-20240229-t0.0--claude-3-opus-20240229-t0.0,0_scenes,episode_6,Request Success Ratio,1.0
440,multimodal_referencegame,claude-3-opus-20240229-t0.0--claude-3-opus-20240229-t0.0,0_scenes,episode_8,Generated Expression Length,88.0
441,multimodal_referencegame,claude-3-opus-20240229-t0.0--claude-3-opus-20240229-t0.0,0_scenes,episode_8,Generated Expression Number of Tokens,14.0
442,multimodal_referencegame,claude-3-opus-20240229-t0.0--claude-3-opus-20240229-t0.0,0_scenes,episode_8,Request Count,2.0
443,multimodal_referencegame,claude-3-opus-20240229-t0.0--claude-3-opus-20240229-t0.0,0_scenes,episode_8,Parsed Request Count,2.0
444,multimodal_referencegame,claude-3-opus-20240229-t0.0--claude-3-opus-20240229-t0.0,0_scenes,episode_8,Violated Request Count,0.0
445,multimodal_referencegame,claude-3-opus-20240229-t0.0--claude-3-opus-20240229-t0.0,0_scenes,episode_8,Success,1.0
446,multimodal_referencegame,claude-3-opus-20240229-t0.0--claude-3-opus-20240229-t0.0,0_scenes,episode_8,Lose,0.0
447,multimodal_referencegame,claude-3-opus-20240229-t0.0--claude-3-opus-20240229-t0.0,0_scenes,episode_8,Aborted,0.0
448,multimodal_referencegame,claude-3-opus-20240229-t0.0--claude-3-opus-20240229-t0.0,0_scenes,episode_8,Main Score,100.0
449,multimodal_referencegame,claude-3-opus-20240229-t0.0--claude-3-opus-20240229-t0.0,0_scenes,episode_8,Request Success Ratio,1.0
450,multimodal_referencegame,claude-3-opus-20240229-t0.0--claude-3-opus-20240229-t0.0,0_scenes,episode_9,Generated Expression Length,122.0
451,multimodal_referencegame,claude-3-opus-20240229-t0.0--claude-3-opus-20240229-t0.0,0_scenes,episode_9,Generated Expression Number of Tokens,22.0
452,multimodal_referencegame,claude-3-opus-20240229-t0.0--claude-3-opus-20240229-t0.0,0_scenes,episode_9,Request Count,2.0
453,multimodal_referencegame,claude-3-opus-20240229-t0.0--claude-3-opus-20240229-t0.0,0_scenes,episode_9,Parsed Request Count,2.0
454,multimodal_referencegame,claude-3-opus-20240229-t0.0--claude-3-opus-20240229-t0.0,0_scenes,episode_9,Violated Request Count,0.0
455,multimodal_referencegame,claude-3-opus-20240229-t0.0--claude-3-opus-20240229-t0.0,0_scenes,episode_9,Success,1.0
456,multimodal_referencegame,claude-3-opus-20240229-t0.0--claude-3-opus-20240229-t0.0,0_scenes,episode_9,Lose,0.0
457,multimodal_referencegame,claude-3-opus-20240229-t0.0--claude-3-opus-20240229-t0.0,0_scenes,episode_9,Aborted,0.0
458,multimodal_referencegame,claude-3-opus-20240229-t0.0--claude-3-opus-20240229-t0.0,0_scenes,episode_9,Main Score,100.0
459,multimodal_referencegame,claude-3-opus-20240229-t0.0--claude-3-opus-20240229-t0.0,0_scenes,episode_9,Request Success Ratio,1.0
460,multimodal_referencegame,claude-3-opus-20240229-t0.0--claude-3-opus-20240229-t0.0,0_scenes,episode_7,Generated Expression Length,88.0
461,multimodal_referencegame,claude-3-opus-20240229-t0.0--claude-3-opus-20240229-t0.0,0_scenes,episode_7,Generated Expression Number of Tokens,14.0
462,multimodal_referencegame,claude-3-opus-20240229-t0.0--claude-3-opus-20240229-t0.0,0_scenes,episode_7,Request Count,2.0
463,multimodal_referencegame,claude-3-opus-20240229-t0.0--claude-3-opus-20240229-t0.0,0_scenes,episode_7,Parsed Request Count,2.0
464,multimodal_referencegame,claude-3-opus-20240229-t0.0--claude-3-opus-20240229-t0.0,0_scenes,episode_7,Violated Request Count,0.0
465,multimodal_referencegame,claude-3-opus-20240229-t0.0--claude-3-opus-20240229-t0.0,0_scenes,episode_7,Success,1.0
466,multimodal_referencegame,claude-3-opus-20240229-t0.0--claude-3-opus-20240229-t0.0,0_scenes,episode_7,Lose,0.0
467,multimodal_referencegame,claude-3-opus-20240229-t0.0--claude-3-opus-20240229-t0.0,0_scenes,episode_7,Aborted,0.0
468,multimodal_referencegame,claude-3-opus-20240229-t0.0--claude-3-opus-20240229-t0.0,0_scenes,episode_7,Main Score,100.0
469,multimodal_referencegame,claude-3-opus-20240229-t0.0--claude-3-opus-20240229-t0.0,0_scenes,episode_7,Request Success Ratio,1.0
470,multimodal_referencegame,claude-3-opus-20240229-t0.0--claude-3-opus-20240229-t0.0,0_scenes,episode_0,Generated Expression Length,108.0
471,multimodal_referencegame,claude-3-opus-20240229-t0.0--claude-3-opus-20240229-t0.0,0_scenes,episode_0,Generated Expression Number of Tokens,20.0
472,multimodal_referencegame,claude-3-opus-20240229-t0.0--claude-3-opus-20240229-t0.0,0_scenes,episode_0,Request Count,2.0
473,multimodal_referencegame,claude-3-opus-20240229-t0.0--claude-3-opus-20240229-t0.0,0_scenes,episode_0,Parsed Request Count,2.0
474,multimodal_referencegame,claude-3-opus-20240229-t0.0--claude-3-opus-20240229-t0.0,0_scenes,episode_0,Violated Request Count,0.0
475,multimodal_referencegame,claude-3-opus-20240229-t0.0--claude-3-opus-20240229-t0.0,0_scenes,episode_0,Success,1.0
476,multimodal_referencegame,claude-3-opus-20240229-t0.0--claude-3-opus-20240229-t0.0,0_scenes,episode_0,Lose,0.0
477,multimodal_referencegame,claude-3-opus-20240229-t0.0--claude-3-opus-20240229-t0.0,0_scenes,episode_0,Aborted,0.0
478,multimodal_referencegame,claude-3-opus-20240229-t0.0--claude-3-opus-20240229-t0.0,0_scenes,episode_0,Main Score,100.0
479,multimodal_referencegame,claude-3-opus-20240229-t0.0--claude-3-opus-20240229-t0.0,0_scenes,episode_0,Request Success Ratio,1.0
480,multimodal_referencegame,claude-3-opus-20240229-t0.0--claude-3-opus-20240229-t0.0,0_scenes,episode_21,Generated Expression Length,117.0
481,multimodal_referencegame,claude-3-opus-20240229-t0.0--claude-3-opus-20240229-t0.0,0_scenes,episode_21,Generated Expression Number of Tokens,24.0
482,multimodal_referencegame,claude-3-opus-20240229-t0.0--claude-3-opus-20240229-t0.0,0_scenes,episode_21,Request Count,2.0
483,multimodal_referencegame,claude-3-opus-20240229-t0.0--claude-3-opus-20240229-t0.0,0_scenes,episode_21,Parsed Request Count,2.0
484,multimodal_referencegame,claude-3-opus-20240229-t0.0--claude-3-opus-20240229-t0.0,0_scenes,episode_21,Violated Request Count,0.0
485,multimodal_referencegame,claude-3-opus-20240229-t0.0--claude-3-opus-20240229-t0.0,0_scenes,episode_21,Success,1.0
486,multimodal_referencegame,claude-3-opus-20240229-t0.0--claude-3-opus-20240229-t0.0,0_scenes,episode_21,Lose,0.0
487,multimodal_referencegame,claude-3-opus-20240229-t0.0--claude-3-opus-20240229-t0.0,0_scenes,episode_21,Aborted,0.0
488,multimodal_referencegame,claude-3-opus-20240229-t0.0--claude-3-opus-20240229-t0.0,0_scenes,episode_21,Main Score,100.0
489,multimodal_referencegame,claude-3-opus-20240229-t0.0--claude-3-opus-20240229-t0.0,0_scenes,episode_21,Request Success Ratio,1.0
490,multimodal_referencegame,claude-3-opus-20240229-t0.0--claude-3-opus-20240229-t0.0,0_scenes,episode_19,Generated Expression Length,91.0
491,multimodal_referencegame,claude-3-opus-20240229-t0.0--claude-3-opus-20240229-t0.0,0_scenes,episode_19,Generated Expression Number of Tokens,16.0
492,multimodal_referencegame,claude-3-opus-20240229-t0.0--claude-3-opus-20240229-t0.0,0_scenes,episode_19,Request Count,2.0
493,multimodal_referencegame,claude-3-opus-20240229-t0.0--claude-3-opus-20240229-t0.0,0_scenes,episode_19,Parsed Request Count,2.0
494,multimodal_referencegame,claude-3-opus-20240229-t0.0--claude-3-opus-20240229-t0.0,0_scenes,episode_19,Violated Request Count,0.0
495,multimodal_referencegame,claude-3-opus-20240229-t0.0--claude-3-opus-20240229-t0.0,0_scenes,episode_19,Success,0.0
496,multimodal_referencegame,claude-3-opus-20240229-t0.0--claude-3-opus-20240229-t0.0,0_scenes,episode_19,Lose,1.0
497,multimodal_referencegame,claude-3-opus-20240229-t0.0--claude-3-opus-20240229-t0.0,0_scenes,episode_19,Aborted,0.0
498,multimodal_referencegame,claude-3-opus-20240229-t0.0--claude-3-opus-20240229-t0.0,0_scenes,episode_19,Main Score,0.0
499,multimodal_referencegame,claude-3-opus-20240229-t0.0--claude-3-opus-20240229-t0.0,0_scenes,episode_19,Request Success Ratio,1.0
500,multimodal_referencegame,claude-3-opus-20240229-t0.0--claude-3-opus-20240229-t0.0,0_scenes,episode_26,Generated Expression Length,106.0
501,multimodal_referencegame,claude-3-opus-20240229-t0.0--claude-3-opus-20240229-t0.0,0_scenes,episode_26,Generated Expression Number of Tokens,20.0
502,multimodal_referencegame,claude-3-opus-20240229-t0.0--claude-3-opus-20240229-t0.0,0_scenes,episode_26,Request Count,2.0
503,multimodal_referencegame,claude-3-opus-20240229-t0.0--claude-3-opus-20240229-t0.0,0_scenes,episode_26,Parsed Request Count,2.0
504,multimodal_referencegame,claude-3-opus-20240229-t0.0--claude-3-opus-20240229-t0.0,0_scenes,episode_26,Violated Request Count,0.0
505,multimodal_referencegame,claude-3-opus-20240229-t0.0--claude-3-opus-20240229-t0.0,0_scenes,episode_26,Success,1.0
506,multimodal_referencegame,claude-3-opus-20240229-t0.0--claude-3-opus-20240229-t0.0,0_scenes,episode_26,Lose,0.0
507,multimodal_referencegame,claude-3-opus-20240229-t0.0--claude-3-opus-20240229-t0.0,0_scenes,episode_26,Aborted,0.0
508,multimodal_referencegame,claude-3-opus-20240229-t0.0--claude-3-opus-20240229-t0.0,0_scenes,episode_26,Main Score,100.0
509,multimodal_referencegame,claude-3-opus-20240229-t0.0--claude-3-opus-20240229-t0.0,0_scenes,episode_26,Request Success Ratio,1.0
510,multimodal_referencegame,claude-3-opus-20240229-t0.0--claude-3-opus-20240229-t0.0,0_scenes,episode_10,Generated Expression Length,122.0
511,multimodal_referencegame,claude-3-opus-20240229-t0.0--claude-3-opus-20240229-t0.0,0_scenes,episode_10,Generated Expression Number of Tokens,22.0
512,multimodal_referencegame,claude-3-opus-20240229-t0.0--claude-3-opus-20240229-t0.0,0_scenes,episode_10,Request Count,2.0
513,multimodal_referencegame,claude-3-opus-20240229-t0.0--claude-3-opus-20240229-t0.0,0_scenes,episode_10,Parsed Request Count,2.0
514,multimodal_referencegame,claude-3-opus-20240229-t0.0--claude-3-opus-20240229-t0.0,0_scenes,episode_10,Violated Request Count,0.0
515,multimodal_referencegame,claude-3-opus-20240229-t0.0--claude-3-opus-20240229-t0.0,0_scenes,episode_10,Success,1.0
516,multimodal_referencegame,claude-3-opus-20240229-t0.0--claude-3-opus-20240229-t0.0,0_scenes,episode_10,Lose,0.0
517,multimodal_referencegame,claude-3-opus-20240229-t0.0--claude-3-opus-20240229-t0.0,0_scenes,episode_10,Aborted,0.0
518,multimodal_referencegame,claude-3-opus-20240229-t0.0--claude-3-opus-20240229-t0.0,0_scenes,episode_10,Main Score,100.0
519,multimodal_referencegame,claude-3-opus-20240229-t0.0--claude-3-opus-20240229-t0.0,0_scenes,episode_10,Request Success Ratio,1.0
520,multimodal_referencegame,claude-3-opus-20240229-t0.0--claude-3-opus-20240229-t0.0,0_scenes,episode_28,Generated Expression Length,73.0
521,multimodal_referencegame,claude-3-opus-20240229-t0.0--claude-3-opus-20240229-t0.0,0_scenes,episode_28,Generated Expression Number of Tokens,12.0
522,multimodal_referencegame,claude-3-opus-20240229-t0.0--claude-3-opus-20240229-t0.0,0_scenes,episode_28,Request Count,2.0
523,multimodal_referencegame,claude-3-opus-20240229-t0.0--claude-3-opus-20240229-t0.0,0_scenes,episode_28,Parsed Request Count,2.0
524,multimodal_referencegame,claude-3-opus-20240229-t0.0--claude-3-opus-20240229-t0.0,0_scenes,episode_28,Violated Request Count,0.0
525,multimodal_referencegame,claude-3-opus-20240229-t0.0--claude-3-opus-20240229-t0.0,0_scenes,episode_28,Success,0.0
526,multimodal_referencegame,claude-3-opus-20240229-t0.0--claude-3-opus-20240229-t0.0,0_scenes,episode_28,Lose,1.0
527,multimodal_referencegame,claude-3-opus-20240229-t0.0--claude-3-opus-20240229-t0.0,0_scenes,episode_28,Aborted,0.0
528,multimodal_referencegame,claude-3-opus-20240229-t0.0--claude-3-opus-20240229-t0.0,0_scenes,episode_28,Main Score,0.0
529,multimodal_referencegame,claude-3-opus-20240229-t0.0--claude-3-opus-20240229-t0.0,0_scenes,episode_28,Request Success Ratio,1.0
530,multimodal_referencegame,claude-3-opus-20240229-t0.0--claude-3-opus-20240229-t0.0,0_scenes,episode_17,Generated Expression Length,87.0
531,multimodal_referencegame,claude-3-opus-20240229-t0.0--claude-3-opus-20240229-t0.0,0_scenes,episode_17,Generated Expression Number of Tokens,14.0
532,multimodal_referencegame,claude-3-opus-20240229-t0.0--claude-3-opus-20240229-t0.0,0_scenes,episode_17,Request Count,2.0
533,multimodal_referencegame,claude-3-opus-20240229-t0.0--claude-3-opus-20240229-t0.0,0_scenes,episode_17,Parsed Request Count,2.0
534,multimodal_referencegame,claude-3-opus-20240229-t0.0--claude-3-opus-20240229-t0.0,0_scenes,episode_17,Violated Request Count,0.0
535,multimodal_referencegame,claude-3-opus-20240229-t0.0--claude-3-opus-20240229-t0.0,0_scenes,episode_17,Success,1.0
536,multimodal_referencegame,claude-3-opus-20240229-t0.0--claude-3-opus-20240229-t0.0,0_scenes,episode_17,Lose,0.0
537,multimodal_referencegame,claude-3-opus-20240229-t0.0--claude-3-opus-20240229-t0.0,0_scenes,episode_17,Aborted,0.0
538,multimodal_referencegame,claude-3-opus-20240229-t0.0--claude-3-opus-20240229-t0.0,0_scenes,episode_17,Main Score,100.0
539,multimodal_referencegame,claude-3-opus-20240229-t0.0--claude-3-opus-20240229-t0.0,0_scenes,episode_17,Request Success Ratio,1.0
540,multimodal_referencegame,claude-3-opus-20240229-t0.0--claude-3-opus-20240229-t0.0,0_scenes,episode_29,Generated Expression Length,73.0
541,multimodal_referencegame,claude-3-opus-20240229-t0.0--claude-3-opus-20240229-t0.0,0_scenes,episode_29,Generated Expression Number of Tokens,12.0
542,multimodal_referencegame,claude-3-opus-20240229-t0.0--claude-3-opus-20240229-t0.0,0_scenes,episode_29,Request Count,2.0
543,multimodal_referencegame,claude-3-opus-20240229-t0.0--claude-3-opus-20240229-t0.0,0_scenes,episode_29,Parsed Request Count,2.0
544,multimodal_referencegame,claude-3-opus-20240229-t0.0--claude-3-opus-20240229-t0.0,0_scenes,episode_29,Violated Request Count,0.0
545,multimodal_referencegame,claude-3-opus-20240229-t0.0--claude-3-opus-20240229-t0.0,0_scenes,episode_29,Success,1.0
546,multimodal_referencegame,claude-3-opus-20240229-t0.0--claude-3-opus-20240229-t0.0,0_scenes,episode_29,Lose,0.0
547,multimodal_referencegame,claude-3-opus-20240229-t0.0--claude-3-opus-20240229-t0.0,0_scenes,episode_29,Aborted,0.0
548,multimodal_referencegame,claude-3-opus-20240229-t0.0--claude-3-opus-20240229-t0.0,0_scenes,episode_29,Main Score,100.0
549,multimodal_referencegame,claude-3-opus-20240229-t0.0--claude-3-opus-20240229-t0.0,0_scenes,episode_29,Request Success Ratio,1.0
550,multimodal_referencegame,claude-3-opus-20240229-t0.0--claude-3-opus-20240229-t0.0,0_scenes,episode_16,Generated Expression Length,87.0
551,multimodal_referencegame,claude-3-opus-20240229-t0.0--claude-3-opus-20240229-t0.0,0_scenes,episode_16,Generated Expression Number of Tokens,14.0
552,multimodal_referencegame,claude-3-opus-20240229-t0.0--claude-3-opus-20240229-t0.0,0_scenes,episode_16,Request Count,2.0
553,multimodal_referencegame,claude-3-opus-20240229-t0.0--claude-3-opus-20240229-t0.0,0_scenes,episode_16,Parsed Request Count,2.0
554,multimodal_referencegame,claude-3-opus-20240229-t0.0--claude-3-opus-20240229-t0.0,0_scenes,episode_16,Violated Request Count,0.0
555,multimodal_referencegame,claude-3-opus-20240229-t0.0--claude-3-opus-20240229-t0.0,0_scenes,episode_16,Success,1.0
556,multimodal_referencegame,claude-3-opus-20240229-t0.0--claude-3-opus-20240229-t0.0,0_scenes,episode_16,Lose,0.0
557,multimodal_referencegame,claude-3-opus-20240229-t0.0--claude-3-opus-20240229-t0.0,0_scenes,episode_16,Aborted,0.0
558,multimodal_referencegame,claude-3-opus-20240229-t0.0--claude-3-opus-20240229-t0.0,0_scenes,episode_16,Main Score,100.0
559,multimodal_referencegame,claude-3-opus-20240229-t0.0--claude-3-opus-20240229-t0.0,0_scenes,episode_16,Request Success Ratio,1.0
560,multimodal_referencegame,claude-3-opus-20240229-t0.0--claude-3-opus-20240229-t0.0,0_scenes,episode_11,Generated Expression Length,122.0
561,multimodal_referencegame,claude-3-opus-20240229-t0.0--claude-3-opus-20240229-t0.0,0_scenes,episode_11,Generated Expression Number of Tokens,22.0
562,multimodal_referencegame,claude-3-opus-20240229-t0.0--claude-3-opus-20240229-t0.0,0_scenes,episode_11,Request Count,2.0
563,multimodal_referencegame,claude-3-opus-20240229-t0.0--claude-3-opus-20240229-t0.0,0_scenes,episode_11,Parsed Request Count,2.0
564,multimodal_referencegame,claude-3-opus-20240229-t0.0--claude-3-opus-20240229-t0.0,0_scenes,episode_11,Violated Request Count,0.0
565,multimodal_referencegame,claude-3-opus-20240229-t0.0--claude-3-opus-20240229-t0.0,0_scenes,episode_11,Success,1.0
566,multimodal_referencegame,claude-3-opus-20240229-t0.0--claude-3-opus-20240229-t0.0,0_scenes,episode_11,Lose,0.0
567,multimodal_referencegame,claude-3-opus-20240229-t0.0--claude-3-opus-20240229-t0.0,0_scenes,episode_11,Aborted,0.0
568,multimodal_referencegame,claude-3-opus-20240229-t0.0--claude-3-opus-20240229-t0.0,0_scenes,episode_11,Main Score,100.0
569,multimodal_referencegame,claude-3-opus-20240229-t0.0--claude-3-opus-20240229-t0.0,0_scenes,episode_11,Request Success Ratio,1.0
570,multimodal_referencegame,claude-3-opus-20240229-t0.0--claude-3-opus-20240229-t0.0,0_scenes,episode_18,Generated Expression Length,91.0
571,multimodal_referencegame,claude-3-opus-20240229-t0.0--claude-3-opus-20240229-t0.0,0_scenes,episode_18,Generated Expression Number of Tokens,16.0
572,multimodal_referencegame,claude-3-opus-20240229-t0.0--claude-3-opus-20240229-t0.0,0_scenes,episode_18,Request Count,2.0
573,multimodal_referencegame,claude-3-opus-20240229-t0.0--claude-3-opus-20240229-t0.0,0_scenes,episode_18,Parsed Request Count,2.0
574,multimodal_referencegame,claude-3-opus-20240229-t0.0--claude-3-opus-20240229-t0.0,0_scenes,episode_18,Violated Request Count,0.0
575,multimodal_referencegame,claude-3-opus-20240229-t0.0--claude-3-opus-20240229-t0.0,0_scenes,episode_18,Success,1.0
576,multimodal_referencegame,claude-3-opus-20240229-t0.0--claude-3-opus-20240229-t0.0,0_scenes,episode_18,Lose,0.0
577,multimodal_referencegame,claude-3-opus-20240229-t0.0--claude-3-opus-20240229-t0.0,0_scenes,episode_18,Aborted,0.0
578,multimodal_referencegame,claude-3-opus-20240229-t0.0--claude-3-opus-20240229-t0.0,0_scenes,episode_18,Main Score,100.0
579,multimodal_referencegame,claude-3-opus-20240229-t0.0--claude-3-opus-20240229-t0.0,0_scenes,episode_18,Request Success Ratio,1.0
580,multimodal_referencegame,claude-3-opus-20240229-t0.0--claude-3-opus-20240229-t0.0,0_scenes,episode_27,Generated Expression Length,73.0
581,multimodal_referencegame,claude-3-opus-20240229-t0.0--claude-3-opus-20240229-t0.0,0_scenes,episode_27,Generated Expression Number of Tokens,12.0
582,multimodal_referencegame,claude-3-opus-20240229-t0.0--claude-3-opus-20240229-t0.0,0_scenes,episode_27,Request Count,2.0
583,multimodal_referencegame,claude-3-opus-20240229-t0.0--claude-3-opus-20240229-t0.0,0_scenes,episode_27,Parsed Request Count,2.0
584,multimodal_referencegame,claude-3-opus-20240229-t0.0--claude-3-opus-20240229-t0.0,0_scenes,episode_27,Violated Request Count,0.0
585,multimodal_referencegame,claude-3-opus-20240229-t0.0--claude-3-opus-20240229-t0.0,0_scenes,episode_27,Success,1.0
586,multimodal_referencegame,claude-3-opus-20240229-t0.0--claude-3-opus-20240229-t0.0,0_scenes,episode_27,Lose,0.0
587,multimodal_referencegame,claude-3-opus-20240229-t0.0--claude-3-opus-20240229-t0.0,0_scenes,episode_27,Aborted,0.0
588,multimodal_referencegame,claude-3-opus-20240229-t0.0--claude-3-opus-20240229-t0.0,0_scenes,episode_27,Main Score,100.0
589,multimodal_referencegame,claude-3-opus-20240229-t0.0--claude-3-opus-20240229-t0.0,0_scenes,episode_27,Request Success Ratio,1.0
590,multimodal_referencegame,claude-3-opus-20240229-t0.0--claude-3-opus-20240229-t0.0,0_scenes,episode_20,Generated Expression Length,91.0
591,multimodal_referencegame,claude-3-opus-20240229-t0.0--claude-3-opus-20240229-t0.0,0_scenes,episode_20,Generated Expression Number of Tokens,16.0
592,multimodal_referencegame,claude-3-opus-20240229-t0.0--claude-3-opus-20240229-t0.0,0_scenes,episode_20,Request Count,2.0
593,multimodal_referencegame,claude-3-opus-20240229-t0.0--claude-3-opus-20240229-t0.0,0_scenes,episode_20,Parsed Request Count,2.0
594,multimodal_referencegame,claude-3-opus-20240229-t0.0--claude-3-opus-20240229-t0.0,0_scenes,episode_20,Violated Request Count,0.0
595,multimodal_referencegame,claude-3-opus-20240229-t0.0--claude-3-opus-20240229-t0.0,0_scenes,episode_20,Success,1.0
596,multimodal_referencegame,claude-3-opus-20240229-t0.0--claude-3-opus-20240229-t0.0,0_scenes,episode_20,Lose,0.0
597,multimodal_referencegame,claude-3-opus-20240229-t0.0--claude-3-opus-20240229-t0.0,0_scenes,episode_20,Aborted,0.0
598,multimodal_referencegame,claude-3-opus-20240229-t0.0--claude-3-opus-20240229-t0.0,0_scenes,episode_20,Main Score,100.0
599,multimodal_referencegame,claude-3-opus-20240229-t0.0--claude-3-opus-20240229-t0.0,0_scenes,episode_20,Request Success Ratio,1.0
600,multimodal_referencegame,claude-3-opus-20240229-t0.0--claude-3-opus-20240229-t0.0,1_grids,episode_5,Played,1.0
601,multimodal_referencegame,claude-3-opus-20240229-t0.0--claude-3-opus-20240229-t0.0,1_grids,episode_2,Played,1.0
602,multimodal_referencegame,claude-3-opus-20240229-t0.0--claude-3-opus-20240229-t0.0,1_grids,episode_3,Played,1.0
603,multimodal_referencegame,claude-3-opus-20240229-t0.0--claude-3-opus-20240229-t0.0,1_grids,episode_4,Played,1.0
604,multimodal_referencegame,claude-3-opus-20240229-t0.0--claude-3-opus-20240229-t0.0,1_grids,episode_25,Played,1.0
605,multimodal_referencegame,claude-3-opus-20240229-t0.0--claude-3-opus-20240229-t0.0,1_grids,episode_22,Played,1.0
606,multimodal_referencegame,claude-3-opus-20240229-t0.0--claude-3-opus-20240229-t0.0,1_grids,episode_14,Played,1.0
607,multimodal_referencegame,claude-3-opus-20240229-t0.0--claude-3-opus-20240229-t0.0,1_grids,episode_13,Played,1.0
608,multimodal_referencegame,claude-3-opus-20240229-t0.0--claude-3-opus-20240229-t0.0,1_grids,episode_12,Played,1.0
609,multimodal_referencegame,claude-3-opus-20240229-t0.0--claude-3-opus-20240229-t0.0,1_grids,episode_15,Played,1.0
610,multimodal_referencegame,claude-3-opus-20240229-t0.0--claude-3-opus-20240229-t0.0,1_grids,episode_23,Played,1.0
611,multimodal_referencegame,claude-3-opus-20240229-t0.0--claude-3-opus-20240229-t0.0,1_grids,episode_24,Played,1.0
612,multimodal_referencegame,claude-3-opus-20240229-t0.0--claude-3-opus-20240229-t0.0,1_grids,episode_1,Played,1.0
613,multimodal_referencegame,claude-3-opus-20240229-t0.0--claude-3-opus-20240229-t0.0,1_grids,episode_6,Played,1.0
614,multimodal_referencegame,claude-3-opus-20240229-t0.0--claude-3-opus-20240229-t0.0,1_grids,episode_8,Played,1.0
615,multimodal_referencegame,claude-3-opus-20240229-t0.0--claude-3-opus-20240229-t0.0,1_grids,episode_9,Played,1.0
616,multimodal_referencegame,claude-3-opus-20240229-t0.0--claude-3-opus-20240229-t0.0,1_grids,episode_7,Played,1.0
617,multimodal_referencegame,claude-3-opus-20240229-t0.0--claude-3-opus-20240229-t0.0,1_grids,episode_0,Played,1.0
618,multimodal_referencegame,claude-3-opus-20240229-t0.0--claude-3-opus-20240229-t0.0,1_grids,episode_21,Played,1.0
619,multimodal_referencegame,claude-3-opus-20240229-t0.0--claude-3-opus-20240229-t0.0,1_grids,episode_19,Played,1.0
620,multimodal_referencegame,claude-3-opus-20240229-t0.0--claude-3-opus-20240229-t0.0,1_grids,episode_26,Played,1.0
621,multimodal_referencegame,claude-3-opus-20240229-t0.0--claude-3-opus-20240229-t0.0,1_grids,episode_10,Played,1.0
622,multimodal_referencegame,claude-3-opus-20240229-t0.0--claude-3-opus-20240229-t0.0,1_grids,episode_28,Played,1.0
623,multimodal_referencegame,claude-3-opus-20240229-t0.0--claude-3-opus-20240229-t0.0,1_grids,episode_17,Played,1.0
624,multimodal_referencegame,claude-3-opus-20240229-t0.0--claude-3-opus-20240229-t0.0,1_grids,episode_29,Played,1.0
625,multimodal_referencegame,claude-3-opus-20240229-t0.0--claude-3-opus-20240229-t0.0,1_grids,episode_16,Played,1.0
626,multimodal_referencegame,claude-3-opus-20240229-t0.0--claude-3-opus-20240229-t0.0,1_grids,episode_11,Played,1.0
627,multimodal_referencegame,claude-3-opus-20240229-t0.0--claude-3-opus-20240229-t0.0,1_grids,episode_18,Played,1.0
628,multimodal_referencegame,claude-3-opus-20240229-t0.0--claude-3-opus-20240229-t0.0,1_grids,episode_27,Played,1.0
629,multimodal_referencegame,claude-3-opus-20240229-t0.0--claude-3-opus-20240229-t0.0,1_grids,episode_20,Played,1.0
630,multimodal_referencegame,claude-3-opus-20240229-t0.0--claude-3-opus-20240229-t0.0,0_scenes,episode_5,Played,1.0
631,multimodal_referencegame,claude-3-opus-20240229-t0.0--claude-3-opus-20240229-t0.0,0_scenes,episode_2,Played,1.0
632,multimodal_referencegame,claude-3-opus-20240229-t0.0--claude-3-opus-20240229-t0.0,0_scenes,episode_3,Played,1.0
633,multimodal_referencegame,claude-3-opus-20240229-t0.0--claude-3-opus-20240229-t0.0,0_scenes,episode_4,Played,1.0
634,multimodal_referencegame,claude-3-opus-20240229-t0.0--claude-3-opus-20240229-t0.0,0_scenes,episode_25,Played,1.0
635,multimodal_referencegame,claude-3-opus-20240229-t0.0--claude-3-opus-20240229-t0.0,0_scenes,episode_22,Played,1.0
636,multimodal_referencegame,claude-3-opus-20240229-t0.0--claude-3-opus-20240229-t0.0,0_scenes,episode_14,Played,1.0
637,multimodal_referencegame,claude-3-opus-20240229-t0.0--claude-3-opus-20240229-t0.0,0_scenes,episode_13,Played,1.0
638,multimodal_referencegame,claude-3-opus-20240229-t0.0--claude-3-opus-20240229-t0.0,0_scenes,episode_12,Played,1.0
639,multimodal_referencegame,claude-3-opus-20240229-t0.0--claude-3-opus-20240229-t0.0,0_scenes,episode_15,Played,1.0
640,multimodal_referencegame,claude-3-opus-20240229-t0.0--claude-3-opus-20240229-t0.0,0_scenes,episode_23,Played,1.0
641,multimodal_referencegame,claude-3-opus-20240229-t0.0--claude-3-opus-20240229-t0.0,0_scenes,episode_24,Played,1.0
642,multimodal_referencegame,claude-3-opus-20240229-t0.0--claude-3-opus-20240229-t0.0,0_scenes,episode_1,Played,1.0
643,multimodal_referencegame,claude-3-opus-20240229-t0.0--claude-3-opus-20240229-t0.0,0_scenes,episode_6,Played,1.0
644,multimodal_referencegame,claude-3-opus-20240229-t0.0--claude-3-opus-20240229-t0.0,0_scenes,episode_8,Played,1.0
645,multimodal_referencegame,claude-3-opus-20240229-t0.0--claude-3-opus-20240229-t0.0,0_scenes,episode_9,Played,1.0
646,multimodal_referencegame,claude-3-opus-20240229-t0.0--claude-3-opus-20240229-t0.0,0_scenes,episode_7,Played,1.0
647,multimodal_referencegame,claude-3-opus-20240229-t0.0--claude-3-opus-20240229-t0.0,0_scenes,episode_0,Played,1.0
648,multimodal_referencegame,claude-3-opus-20240229-t0.0--claude-3-opus-20240229-t0.0,0_scenes,episode_21,Played,1.0
649,multimodal_referencegame,claude-3-opus-20240229-t0.0--claude-3-opus-20240229-t0.0,0_scenes,episode_19,Played,1.0
650,multimodal_referencegame,claude-3-opus-20240229-t0.0--claude-3-opus-20240229-t0.0,0_scenes,episode_26,Played,1.0
651,multimodal_referencegame,claude-3-opus-20240229-t0.0--claude-3-opus-20240229-t0.0,0_scenes,episode_10,Played,1.0
652,multimodal_referencegame,claude-3-opus-20240229-t0.0--claude-3-opus-20240229-t0.0,0_scenes,episode_28,Played,1.0
653,multimodal_referencegame,claude-3-opus-20240229-t0.0--claude-3-opus-20240229-t0.0,0_scenes,episode_17,Played,1.0
654,multimodal_referencegame,claude-3-opus-20240229-t0.0--claude-3-opus-20240229-t0.0,0_scenes,episode_29,Played,1.0
655,multimodal_referencegame,claude-3-opus-20240229-t0.0--claude-3-opus-20240229-t0.0,0_scenes,episode_16,Played,1.0
656,multimodal_referencegame,claude-3-opus-20240229-t0.0--claude-3-opus-20240229-t0.0,0_scenes,episode_11,Played,1.0
657,multimodal_referencegame,claude-3-opus-20240229-t0.0--claude-3-opus-20240229-t0.0,0_scenes,episode_18,Played,1.0
658,multimodal_referencegame,claude-3-opus-20240229-t0.0--claude-3-opus-20240229-t0.0,0_scenes,episode_27,Played,1.0
659,multimodal_referencegame,claude-3-opus-20240229-t0.0--claude-3-opus-20240229-t0.0,0_scenes,episode_20,Played,1.0
