,"-, clemscore","all, Average % Played","all, Average Quality Score","imagegame, % Played","imagegame, Quality Score","imagegame, Quality Score (std)","privateshared, % Played","privateshared, Quality Score","privateshared, Quality Score (std)","referencegame, % Played","referencegame, Quality Score","referencegame, Quality Score (std)","taboo, % Played","taboo, Quality Score","taboo, Quality Score (std)","wordle, % Played","wordle, Quality Score","wordle, Quality Score (std)","wordle_withclue, % Played","wordle_withclue, Quality Score","wordle_withclue, Quality Score (std)","wordle_withcritic, % Played","wordle_withcritic, Quality Score","wordle_withcritic, Quality Score (std)"
CodeLlama-34b-Instruct-hf-t0.0--CodeLlama-34b-Instruct-hf-t0.0,9.06,32.38,27.98,0.0,,,0.0,,,100.0,33.33,47.27,46.67,50.0,50.92,56.67,0.0,0.0,23.33,28.57,48.8,0.0,,
Qwen1.5-0.5B-Chat-t0.0--Qwen1.5-0.5B-Chat-t0.0,0.22,23.81,0.92,0.0,,,0.0,,,0.0,,,90.0,3.7,19.06,40.0,0.0,0.0,30.0,0.0,0.0,6.67,0.0,0.0
Qwen1.5-1.8B-Chat-t0.0--Qwen1.5-1.8B-Chat-t0.0,0.0,15.71,0.0,0.0,,,0.0,,,0.0,,,96.67,0.0,0.0,0.0,,,10.0,0.0,0.0,3.33,0.0,
Qwen1.5-14B-Chat-t0.0--Qwen1.5-14B-Chat-t0.0,8.72,42.74,20.4,22.5,23.22,22.18,0.0,,,100.0,39.44,49.01,46.67,37.5,46.4,96.67,0.0,0.0,30.0,22.22,44.1,3.33,0.0,
Qwen1.5-32B-Chat-t0.0--Qwen1.5-32B-Chat-t0.0,18.37,65.71,27.95,75.0,41.93,29.42,20.0,35.74,9.98,100.0,38.33,48.76,61.67,42.79,47.39,93.33,0.0,0.0,60.0,15.74,33.56,50.0,21.11,41.05
Qwen1.5-7B-Chat-t0.0--Qwen1.5-7B-Chat-t0.0,4.32,18.17,23.79,0.0,,,0.0,,,10.56,36.84,49.56,100.0,12.5,32.71,0.0,,,13.33,12.5,25.0,3.33,33.33,
SUS-Chat-34B-t0.0--SUS-Chat-34B-t0.0,11.8,52.69,22.4,2.5,29.0,,18.0,0.0,0.0,100.0,39.44,49.01,98.33,51.69,46.08,93.33,0.0,0.0,40.0,26.67,44.59,16.67,10.0,22.36
openchat_3.5-t0.0--openchat_3.5-t0.0,20.0,60.38,33.13,40.0,8.31,10.07,36.0,75.83,19.08,100.0,38.33,48.76,100.0,45.83,49.82,83.33,0.0,0.0,36.67,13.64,32.33,26.67,50.0,53.45
sheep-duck-llama-2-13b-t0.0--sheep-duck-llama-2-13b-t0.0,7.8,33.57,23.24,0.0,,,0.0,,,98.33,38.98,48.91,83.33,4.0,19.79,0.0,,,26.67,25.0,46.29,26.67,25.0,46.29
